,Inhibitor,Metal,Alloy,Temperature_K,pH,Salt_Concentrat_M,Efficiency,Cost/100 gm,Cost,Toxicity,Source
1,"1,2,4-Triazole",Al,AA2024,298,10,0.1,90,4861.8,https://www.sigmaaldrich.com/IN/en/product/aldrich/t46108,"eye irritation ,fertility harm and harmful to aquatic life",https://pubchem.ncbi.nlm.nih.gov/compound/1_2_4-Triazole#section=Safety-and-Hazards
2,"1,2,4-Triazole-3-thiol",Al,AA2024,298,4,0.1,90,3177,https://www.sigmaaldrich.com/IN/en/product/aldrich/104558?utm_source=google&utm_medium=cpc&utm_campaign=15000381723&utm_content=129438260635&gclid=Cj0KCQjwwYSwBhDcARIsAOyL0fgKw6yFZi3QdoXyfJa8PLh8KJReP2DZqE_hkRFT-MbKGF_kUyNNUS4aAvi2EALw_wcB,"allergic skin,eye irritation and toxic to aquatic life long lasting effect","https://pubchem.ncbi.nlm.nih.gov/compound/1,2,4-Triazole-3-thiol#section=Safety-and-Hazards"
3,"1,2,4-Triazole-3-thiol",Al,AA2024,298,10,0.1,70,3177,https://www.sigmaaldrich.com/IN/en/product/aldrich/104558?utm_source=google&utm_medium=cpc&utm_campaign=15000381723&utm_content=129438260635&gclid=Cj0KCQjwwYSwBhDcARIsAOyL0fgKw6yFZi3QdoXyfJa8PLh8KJReP2DZqE_hkRFT-MbKGF_kUyNNUS4aAvi2EALw_wcB,"allergic skin,eye irritation and toxic to aquatic life long lasting effect","https://pubchem.ncbi.nlm.nih.gov/compound/1,2,4-Triazole-3-thiol#section=Safety-and-Hazards"
4,"1H-Imidazo[4,5]pyrazine-2-thiol",Al,AA2024,298,4,0.1,50,502056,https://store.apolloscientific.co.uk/product/1h-imidazo45-bpyridine-2-thiol,"skin,eye and respiratory irritation",https://store.apolloscientific.co.uk/product/1h-imidazo45-bpyridine-2-thiol
5,2-Mercapto-5-methylbenzimidazole,Al,AA2024,298,4,0.1,80,"8,458.20",https://www.sigmaaldrich.com/IN/en/product/aldrich/263575?utm_source=google&utm_medium=cpc&utm_campaign=15000381723&utm_content=129438260635&gclid=Cj0KCQjwwYSwBhDcARIsAOyL0fgJKoOLPeW0y2O4rARmA7OAQhk79XthY5VseB5lymXQniKtk3uyAooaAudHEALw_wcB,"skin,eye and respiratory irritation",https://pubchem.ncbi.nlm.nih.gov/compound/2-Mercapto-5-methylbenzimidazole#section=Safety-and-Hazards
6,2-Mercaptoacetic acid,Al,AA2024,298,7,0.1,96,,,,
7,2-Mercaptobenzimidazole,Al,AA2024,298,4,0.1,60,2530.8,https://www.sigmaaldrich.com/IN/en/product/aldrich/m3205,"allergic skin,eye and respiratory irritation and harmful if inhaled ",https://pubchem.ncbi.nlm.nih.gov/compound/2-Mercaptobenzimidazole#section=Safety-and-Hazards
8,2-Mercaptobenzimidazole,Al,AA2024,298,10,0.1,80,2530.8,https://www.sigmaaldrich.com/IN/en/product/aldrich/m3205,"allergic skin,eye and respiratory irritation and harmful if inhaled ",https://pubchem.ncbi.nlm.nih.gov/compound/2-Mercaptobenzimidazole#section=Safety-and-Hazards
9,2-Mercaptobenzimidazole,Al,AA2024,298,7,0.1,90,2530.8,https://www.sigmaaldrich.com/IN/en/product/aldrich/m3205,"allergic skin,eye and respiratory irritation and harmful if inhaled ",https://pubchem.ncbi.nlm.nih.gov/compound/2-Mercaptobenzimidazole#section=Safety-and-Hazards
10,Thiosalicylic acid / 2-Sulfanylbenzoic acid / 2-Mercaptobenzoic acid,Al,AA2024,298,7,0.1,88,250,https://m.indiamart.com/proddetail/thiosalicylic-acid-21198326930.html,skin and eye irritation ,https://sdfine.com/coa/56472MSDS.pdf
11,"2-Mercaptobenzothiazole / MBT / 1,3-Benzothiazole-2(3H)-thione",Al,AA2024,298,7,0.1,95,2400,https://www.sigmaaldrich.com/IN/en/product/aldrich/m3302?utm_source=google&utm_medium=cpc&utm_campaign=15000381723&utm_content=129438260635&gclid=Cj0KCQjwwYSwBhDcARIsAOyL0fj6DjI7iUieZKrqcUub-0KOAYdl6j69LCOekH-zNU8zI0QFpkezghEaAk-3EALw_wcB, carcinogenic to humans and is very toxic to aquatic organisms,
12,2-Mercaptonicotinic acid,Al,AA2024,298,7,0.1,83,8762.25,https://www.chemicalbook.com/ChemicalProductProperty_EN_CB4378840.htm,skin and eye irritation ,https://pubchem.ncbi.nlm.nih.gov/compound/2-Mercaptonicotinic-acid
13,2-Mercaptopyrimidine,Al,AA2024,298,7,0.1,89,71373,https://www.sigmaaldrich.com/IN/en/product/aldrich/129623?utm_source=google&utm_medium=cpc&utm_campaign=15000381723&utm_content=129438260635&gclid=Cj0KCQjwwYSwBhDcARIsAOyL0fiC75hLao6x1gJXkt9HVWr-KA2jDwBpDkzGVYLsbbljJZuhJ6llyrUaAqihEALw_wcB,"skin and eye irritation, and may cause respiratory irritation",https://pubchem.ncbi.nlm.nih.gov/compound/2-Mercaptopyrimidine
14,"2,5-Dimercapto-1,3,4-thiaziazole",Al,AA2024,298,4,0.1,80,39240,https://www.sigmaaldrich.com/IN/en/product/mm/815101?utm_source=google&utm_medium=cpc&utm_campaign=15000381723&utm_content=129438260635&gclid=Cj0KCQjwwYSwBhDcARIsAOyL0fiuENjCChWJZHO9M1b4SNRMJe9WR3o_4dBlN_C44-Mm_VsGNAtnxxMaAgJ2EALw_wcB,"eye irritation, chemical conjunctivitis, skin irritation, respiratory tract irritation, and gastrointestinal irritation, including nausea, vomiting, and diarrhea",https://ntp.niehs.nih.gov/sites/default/files/ntp/htdocs/chem_background/exsumpdf/dmct_508.pdf
15,"2,5-Dimercapto-1,3,4-thiaziazole",Al,AA2024,298,10,0.1,90,39240,https://www.sigmaaldrich.com/IN/en/product/mm/815101?utm_source=google&utm_medium=cpc&utm_campaign=15000381723&utm_content=129438260635&gclid=Cj0KCQjwwYSwBhDcARIsAOyL0fiuENjCChWJZHO9M1b4SNRMJe9WR3o_4dBlN_C44-Mm_VsGNAtnxxMaAgJ2EALw_wcB,"eye irritation, chemical conjunctivitis, skin irritation, respiratory tract irritation, and gastrointestinal irritation, including nausea, vomiting, and diarrhea",https://ntp.niehs.nih.gov/sites/default/files/ntp/htdocs/chem_background/exsumpdf/dmct_508.pdf
16,"3-Amino-1H-1,2,4-triazole-5-carboxylic acid",Al,AA2024,298,4,0.1,60,44444.4,https://www.sigmaaldrich.com/IN/en/product/aldrich/282073?utm_source=google&utm_medium=cpc&utm_campaign=15000381723&utm_content=129438260635&gclid=Cj0KCQjwwYSwBhDcARIsAOyL0fggZEV2ka59I4fHylAX-0a05dUcN5HYuOEai7tqo8fSDhBX0WzeUfgaAiqTEALw_wcB,damaging fertility of unborn child and skin irritation,https://www.tcichemicals.com/IN/en/p/A1256
17,"3-Amino-1H-1,2,4-triazole-5-carboxylic acid",Al,AA2024,298,10,0.1,50,,https://www.sigmaaldrich.com/IN/en/product/aldrich/282073?utm_source=google&utm_medium=cpc&utm_campaign=15000381723&utm_content=129438260635&gclid=Cj0KCQjwwYSwBhDcARIsAOyL0fggZEV2ka59I4fHylAX-0a05dUcN5HYuOEai7tqo8fSDhBX0WzeUfgaAiqTEALw_wcB,,
18,"3-Amino-1,2,4-triazole",Al,AA2024,298,4,0.1,70,7958.7,https://www.sigmaaldrich.com/IN/en/product/sigma/a8056?utm_source=google&utm_medium=cpc&utm_campaign=15000381723&utm_content=129438260635&gclid=Cj0KCQjwwYSwBhDcARIsAOyL0fhhOzpl0qxEPkwhlpGrWnOl1RTA0-egMgA3imSKsca_wz4QQzgE_fkaAjfQEALw_wcB,"toxic to aquatic life ,long lasting effects ,disorders in developement of embryo",https://www.sigmaaldrich.com/IN/en/sds/sigma/a8056
19,"3-Amino-1,2,4-triazole-5-carboxylic acid",Al,AA2024,298,4,0.1,60,7510.5,https://www.tcichemicals.com/OP/en/p/A1256,aquatic toxicity,https://static.cymitquimica.com/products/54/pdf/sds-OR4265.pdf
20,"3-Amino-5-mercapto-1,2,4-triazole",Al,AA2024,298,4,0.1,100,,,,
21,"3-Amino-5-mercapto-1,2,4-triazole",Al,AA2024,298,10,0.1,90,,,,
22,3-Mercaptopropanoic acid,Al,AA2024,298,7,0.1,100,,,,
23,"4-(5-Mercapto-4H-1,2,4-triazol-3-yl)phenol",Al,AA2024,298,4,0.1,50,,,,
24,4-Amino-2-mercaptopyrimidine,Al,AA2024,298,4,0.1,70,,,,
25,4-Amino-2-mercaptopyrimidine,Al,AA2024,298,10,0.1,70,,,,
26,"4-Amino-5-phenyl-3-mercapto-1,2,4-triazole",Al,AA2024,298,4,0.1,60,,,,
27,"4-Amino-5-phenyl-3-mercapto-1,2,4-triazole",Al,AA2024,298,10,0.1,60,,,,
28,4-Mercaptobenzoic acid,Al,AA2024,298,7,0.1,97,689000,https://www.sigmaaldrich.com/IN/en/product/aldrich/706329?utm_source=google&utm_medium=cpc&utm_campaign=15000381723&utm_content=129438260635&gclid=Cj0KCQjwwYSwBhDcARIsAOyL0fhZH6xaeZtOqQi3SLfFU68g365mAiyxJ1OxaGZif_Xv5R8sZiALQHgaAmeeEALw_wcB,"skin and eye irritation, and may cause respiratory irritation",https://www.ncbi.nlm.nih.gov/pmc/articles/PMC7747936/
29,"4,5-Diamino-2,6-dimercaptopyrimidine",Al,AA2024,298,7,0.1,87,223998,https://www.sigmaaldrich.com/IN/en/product/aldrich/d15405?utm_source=google&utm_medium=cpc&utm_campaign=15000381723&utm_content=129438260635&gclid=Cj0KCQjwwYSwBhDcARIsAOyL0fjY3foQde_9WnsXb4vNV8K84KgHr6CoMa_EQg5V660qTu2scG2a9M8aAkrsEALw_wcB, skin and eye irritation and respiratory irritation,https://www.chemicalbook.com/msds/2-4-dimercapto-5-6-diaminopyrimidine.htm
30,"4,5-Diaminopyrimidine",Al,AA2024,298,4,0.1,50,1750470,https://www.sigmaaldrich.com/IN/en/product/aldrich/d24501?utm_source=google&utm_medium=cpc&utm_campaign=15000381723&utm_content=129438260635&gclid=Cj0KCQjwwYSwBhDcARIsAOyL0fhGD-rBUpdVtHLjXVwyfNf61qXY1WuHEokvFgnzU6H-lYef8dAEmMcaAnNjEALw_wcB,"skin,eye irritation ,fatal if inhaled and toxic contact with skin",https://www.fishersci.dk/shop/products/4-5-diaminopyrimidine-97-thermo-scientific/10366354
31,"4,6-Diamino-2-mercaptopyrimidine",Al,AA2024,298,10,0.1,60,296.4,https://m.indiamart.com/proddetail/4-6-diamino-2-mercaptopyrimidine-cas-1004-39-3-2852538268333.html,"skin ,eye irritation and digestive and respiratory tract irritation",https://fscimage.fishersci.com/msds/94034.htm
32,"5-(3-Methoxyphenyl)-4H-1,2,4-triazole-3-thiol",Al,AA2024,298,4,0.1,60,,,,
33,"5-(3-Methoxyphenyl)-4H-1,2,4-triazole-3-thiol",Al,AA2024,298,10,0.1,50,,,,
34,"5-(Furan-2-yl)-4H-1,2,4-triazole-3-thiol",Al,AA2024,298,4,0.1,90,,,,
35,"5-(Furan-2-yl)-4H-1,2,4-triazole-3-thiol",Al,AA2024,298,10,0.1,60,,,,
36,"5-(Pyridin-4-yl)-4H-1,2,4-triazole-3-thiol",Al,AA2024,298,4,0.1,50,,,,
37,"5-Amino-2-mercapto-1,3,4-thiadazole",Al,AA2024,298,4,0.1,60,10800,https://www.tcichemicals.com/IN/en/p/A0425,armful if swallowed and causes skin irritation,https://pubchem.ncbi.nlm.nih.gov/compound/5-Amino-1_3_4-thiadiazole-2-thiol
38,"5-Amino-2-mercapto-1,3,4-thiadazole",Al,AA2024,298,10,0.1,50,10800,https://www.tcichemicals.com/IN/en/p/A0425,armful if swallowed and causes skin irritation,https://pubchem.ncbi.nlm.nih.gov/compound/5-Amino-1_3_4-thiadiazole-2-thiol
39,5-Ethoxy-2-mercaptobenzimidazole,Al,AA2024,298,4,0.1,70,50,https://www.indiamart.com/proddetail/5-ethoxy-2-mercaptobenzimidazole-intermideate-2851252825612.html,skin and eye irritant that can also cause specific target organ toxicity,https://www.fishersci.fi/store/msds?partNumber=11374755&countryCode=FI&language=en
40,5-Ethoxy-2-mercaptobenzimidazole,Al,AA2024,298,10,0.1,50,50,https://www.indiamart.com/proddetail/5-ethoxy-2-mercaptobenzimidazole-intermideate-2851252825612.html,skin and eye irritant that can also cause specific target organ toxicity,https://www.fishersci.fi/store/msds?partNumber=11374755&countryCode=FI&language=en
41,"5-Trichloromethyl-1H-1,2,4-triazole",Al,AA2024,298,4,0.1,50,,,,
42,"5-Trichloromethyl-1H-1,2,4-triazole",Al,AA2024,298,10,0.1,50,,,,
43,6-Amino-2-mercaptobenzothiazole,Al,AA2024,298,7,0.1,89,178800,https://www.tcichemicals.com/IN/en/p/A0682,skin and eye irritant that can also cause specific target organ toxicity,https://www.echemi.com/sds/6-amino-2-mercaptobenzothiazole-pid_Rock21413.html
44,6-Mercaptonicotinic acid,Al,AA2024,298,4,0.1,60,55587.35,"https://www.chemicalbook.com/ChemicalProductProperty_EN_CB5753165.htm#:~:text=6%2DMercaptonicotinic%20acid%20price%20More%20Price(6)%20;%20Z1904%2C,$87%2C%20Buy%20;%20MT%2D16607%2C%200.5g%2C%20$298%2C%20Buy.",skin irritation and serious eye irritation,https://www.chemicalbook.com/msds/6-mercaptonicotinic-acid.pdf
45,6-Mercaptonicotinic acid,Al,AA2024,298,10,0.1,50,55587.35,"https://www.chemicalbook.com/ChemicalProductProperty_EN_CB5753165.htm#:~:text=6%2DMercaptonicotinic%20acid%20price%20More%20Price(6)%20;%20Z1904%2C,$87%2C%20Buy%20;%20MT%2D16607%2C%200.5g%2C%20$298%2C%20Buy.",skin irritation and serious eye irritation,https://www.chemicalbook.com/msds/6-mercaptonicotinic-acid.pdf
46,6-Mercaptonicotinic acid,Al,AA2024,298,7,0.1,94,55587.35,"https://www.chemicalbook.com/ChemicalProductProperty_EN_CB5753165.htm#:~:text=6%2DMercaptonicotinic%20acid%20price%20More%20Price(6)%20;%20Z1904%2C,$87%2C%20Buy%20;%20MT%2D16607%2C%200.5g%2C%20$298%2C%20Buy.",skin irritation and serious eye irritation,https://www.chemicalbook.com/msds/6-mercaptonicotinic-acid.pdf
47,8-Hydroxyquinoline,Al,AA2024,298,4,0.1,50,220,https://m.indiamart.com/proddetail/8-hydroxyquinoline-1773301588.html, toxic to aquatic organisms and genotoxcity breaks in DNA,https://pubmed.ncbi.nlm.nih.gov/26067700/
48,9H-Purine-8-thiol,Al,AA2024,298,4,0.1,60,546000,"https://www.bldpharm.com/products/521308-65-6.html#:~:text=6%2DAmino%2D9%2Dbutyl%2D9H%2Dpurine%2D8%2Dthiol%20*%20Cold%2Dchain%20transportation.%20CAS%20No.%EF%BC%9A%20521308%2D65%2D6.,Price%2C%20Dis.Discount%2C%20ChinaiThe%20products%20will%20be%20shipped","oral ,skin and eye irritation",https://www.sigmaaldrich.com/US/en/product/aldrich/777250
49,Benzotriazole,Al,AA2024,298,4,0.1,50,4884,https://www.sigmaaldrich.com/IN/en/product/sial/b11400?utm_source=google&utm_medium=cpc&utm_campaign=15000382539&utm_content=130311242362&gclid=CjwKCAiA3JCvBhA8EiwA4kujZjsbwn1IlUPIyA7J2j07Bo5n3IAY268ioyQbZWxRVPJtl-de7xttXhoC3tQQAvD_BwE,"eye iritation ,harmful if swallowed and toxic to aquatic life with long lasting effects",https://pubchem.ncbi.nlm.nih.gov/compound/Benzotriazole#section=Safety-and-Hazards
50,Benzotriazole,Al,AA2024,298,10,0.1,90,4884,https://www.sigmaaldrich.com/IN/en/product/sial/b11400?utm_source=google&utm_medium=cpc&utm_campaign=15000382539&utm_content=130311242362&gclid=CjwKCAiA3JCvBhA8EiwA4kujZjsbwn1IlUPIyA7J2j07Bo5n3IAY268ioyQbZWxRVPJtl-de7xttXhoC3tQQAvD_BwE,"eye iritation ,harmful if swallowed and toxic to aquatic life with long lasting effects",https://pubchem.ncbi.nlm.nih.gov/compound/Benzotriazole#section=Safety-and-Hazards
51,Benzotriazole,Al,AA2024,298,7,0.1,98,4884,https://www.sigmaaldrich.com/IN/en/product/sial/b11400?utm_source=google&utm_medium=cpc&utm_campaign=15000382539&utm_content=130311242362&gclid=CjwKCAiA3JCvBhA8EiwA4kujZjsbwn1IlUPIyA7J2j07Bo5n3IAY268ioyQbZWxRVPJtl-de7xttXhoC3tQQAvD_BwE,"eye iritation ,harmful if swallowed and toxic to aquatic life with long lasting effects",https://pubchem.ncbi.nlm.nih.gov/compound/Benzotriazole#section=Safety-and-Hazards
52,Citrate,Al,AA2024,298,10,0.1,50,,,eye irritation ,https://pubchem.ncbi.nlm.nih.gov/compound/Citrate#section=Safety-and-Hazards
53,Diethyldithiocarbamic acid,Al,AA2024,298,10,0.1,80,36274.8,https://www.sigmaaldrich.com/IN/en/product/aldrich/318116?utm_source=google&utm_medium=cpc&utm_campaign=15000381723&utm_content=129438260635&gclid=CjwKCAjwnv-vBhBdEiwABCYQA0553S2mbRvNIwTXT-TC-z9qTT2OVtjuQiRIYVGC_5RwligJN8BeHRoChuYQAvD_BwE,"harmful if swallowed ,skin ,eye and respiratory irritation",https://pubchem.ncbi.nlm.nih.gov/compound/Diethyldithiocarbamic%20acid#section=Safety-and-Hazards
54,Diethyldithiocarbamic acid,Al,AA2024,298,7,0.1,97,36274.8,https://www.sigmaaldrich.com/IN/en/product/aldrich/318116?utm_source=google&utm_medium=cpc&utm_campaign=15000381723&utm_content=129438260635&gclid=CjwKCAjwnv-vBhBdEiwABCYQA0553S2mbRvNIwTXT-TC-z9qTT2OVtjuQiRIYVGC_5RwligJN8BeHRoChuYQAvD_BwE,"harmful if swallowed ,skin ,eye and respiratory irritation",https://pubchem.ncbi.nlm.nih.gov/compound/Diethyldithiocarbamic%20acid#section=Safety-and-Hazards
55,Dimethylglyoxime,Al,AA2024,298,4,0.1,50,2741.7,https://www.sigmaaldrich.com/IN/en/product/sial/162574,,
56,Dimethylglyoxime,Al,AA2024,298,10,0.1,50,2741.7,https://www.sigmaaldrich.com/IN/en/product/sial/162574,,
57,Glycine,Al,AA2024,298,4,0.1,50,1894,https://www.sigmaaldrich.com/IN/en/product/mm/3570?utm_source=google&utm_medium=cpc&utm_campaign=15000381723&utm_content=129438260635&gclid=CjwKCAiA3JCvBhA8EiwA4kujZi8LSGN0t5alJqdXbf60ZeN31MCnYoy6kiikA9lPsn6Db0sC5gj5tBoCD78QAvD_BwE,cardio-depressant effects and may cause renal toxicity,https://www.anzca.edu.au/Safety-advocacy/Safety-alerts/Glycine-toxicity-and-TURP-syndrome
58,Glycine,Al,AA2024,298,10,0.1,50,1894,https://www.sigmaaldrich.com/IN/en/product/mm/3570?utm_source=google&utm_medium=cpc&utm_campaign=15000381723&utm_content=129438260635&gclid=CjwKCAiA3JCvBhA8EiwA4kujZi8LSGN0t5alJqdXbf60ZeN31MCnYoy6kiikA9lPsn6Db0sC5gj5tBoCD78QAvD_BwE,cardio-depressant effects and may cause renal toxicity,https://www.anzca.edu.au/Safety-advocacy/Safety-alerts/Glycine-toxicity-and-TURP-syndrome
59,"1,14-Hexadecanedioic acid",Al,AA2024,298,4,0.1,50,264000,https://www.tcichemicals.com/IN/en/p/H0293,"cause skin and eye irritation, and respiratory tract irritation",https://pubchem.ncbi.nlm.nih.gov/compound/Hexadecanedioic-acid
60,Hexamethylenetetramine / Urotropine,Al,AA2024,298,4,0.1,50,35,https://www.indiamart.com/proddetail/hexamethylenetetramine-urotropine-2850638936491.html,"moderate acute oral toxicity, and can mildly irritate the eyes and skin",https://www.epa.gov/sites/default/files/2015-04/documents/hexamethyl.pdf
61,Picolinic acid,Al,AA2024,298,7,0.1,58,4051.5,https://www.sigmaaldrich.com/IN/en/product/aldrich/p42800,"very hazardous if inhaled and contact with eyes ,skin",https://hmdb.ca/system/metabolites/msds/000/001/826/original/HMDB02243.pdf?1358895317
62,"5,5'-Dithiobis(2-nitrobenzoic acid)",Al,AA2024,298,7,0.6,94.4,"109,734.60",https://www.sigmaaldrich.com/IN/en/product/sigma/d8130,"skin ,eye and respiratory irritation","https://pubchem.ncbi.nlm.nih.gov/compound/5,5'-Dithiobis(2-nitrobenzoic%20acid)#section=Safety-and-Hazards"
63,"5,5'-Dithiobis(2-nitrobenzoic acid)",Al,AA2024,298,7,0.6,90.4,"109,734.60",https://www.sigmaaldrich.com/IN/en/product/sigma/d8130,"skin ,eye and respiratory irritation","https://pubchem.ncbi.nlm.nih.gov/compound/5,5'-Dithiobis(2-nitrobenzoic%20acid)#section=Safety-and-Hazards"
64,"5,5'-Dithiobis(2-nitrobenzoic acid)",Al,AA2024,298,7,0.6,90,109734.6,https://www.sigmaaldrich.com/IN/en/product/sigma/d8130,"skin ,eye and respiratory irritation","https://pubchem.ncbi.nlm.nih.gov/compound/5,5'-Dithiobis(2-nitrobenzoic%20acid)#section=Safety-and-Hazards"
65,"5,5'-Dithiobis(2-nitrobenzoic acid)",Al,AA2024,298,7,0.6,55.6,109734.6,https://www.sigmaaldrich.com/IN/en/product/sigma/d8130,"skin ,eye and respiratory irritation","https://pubchem.ncbi.nlm.nih.gov/compound/5,5'-Dithiobis(2-nitrobenzoic%20acid)#section=Safety-and-Hazards"
66,"5,5'-Dithiobis(2-nitrobenzoic acid)",Al,AA2024,308,7,0.6,92.4,109734.6,https://www.sigmaaldrich.com/IN/en/product/sigma/d8130,"skin ,eye and respiratory irritation","https://pubchem.ncbi.nlm.nih.gov/compound/5,5'-Dithiobis(2-nitrobenzoic%20acid)#section=Safety-and-Hazards"
67,"5,5'-Dithiobis(2-nitrobenzoic acid)",Al,AA2024,308,7,0.6,87.2,109734.6,https://www.sigmaaldrich.com/IN/en/product/sigma/d8130,"skin ,eye and respiratory irritation","https://pubchem.ncbi.nlm.nih.gov/compound/5,5'-Dithiobis(2-nitrobenzoic%20acid)#section=Safety-and-Hazards"
68,"5,5'-Dithiobis(2-nitrobenzoic acid)",Al,AA2024,308,7,0.6,86.9,109734.6,https://www.sigmaaldrich.com/IN/en/product/sigma/d8130,"skin ,eye and respiratory irritation","https://pubchem.ncbi.nlm.nih.gov/compound/5,5'-Dithiobis(2-nitrobenzoic%20acid)#section=Safety-and-Hazards"
69,"5,5'-Dithiobis(2-nitrobenzoic acid)",Al,AA2024,308,7,0.6,52.4,109734.6,https://www.sigmaaldrich.com/IN/en/product/sigma/d8130,"skin ,eye and respiratory irritation","https://pubchem.ncbi.nlm.nih.gov/compound/5,5'-Dithiobis(2-nitrobenzoic%20acid)#section=Safety-and-Hazards"
70,"5,5'-Dithiobis(2-nitrobenzoic acid)",Al,AA2024,318,7,0.6,89.5,109734.6,https://www.sigmaaldrich.com/IN/en/product/sigma/d8130,"skin ,eye and respiratory irritation","https://pubchem.ncbi.nlm.nih.gov/compound/5,5'-Dithiobis(2-nitrobenzoic%20acid)#section=Safety-and-Hazards"
71,"5,5'-Dithiobis(2-nitrobenzoic acid)",Al,AA2024,318,7,0.6,84.2,109734.6,https://www.sigmaaldrich.com/IN/en/product/sigma/d8130,"skin ,eye and respiratory irritation","https://pubchem.ncbi.nlm.nih.gov/compound/5,5'-Dithiobis(2-nitrobenzoic%20acid)#section=Safety-and-Hazards"
72,"5,5'-Dithiobis(2-nitrobenzoic acid)",Al,AA2024,318,7,0.6,83.3,109734.6,https://www.sigmaaldrich.com/IN/en/product/sigma/d8130,"skin ,eye and respiratory irritation","https://pubchem.ncbi.nlm.nih.gov/compound/5,5'-Dithiobis(2-nitrobenzoic%20acid)#section=Safety-and-Hazards"
73,"5,5'-Dithiobis(2-nitrobenzoic acid)",Al,AA2024,328,7,0.6,86.8,109734.6,https://www.sigmaaldrich.com/IN/en/product/sigma/d8130,"skin ,eye and respiratory irritation","https://pubchem.ncbi.nlm.nih.gov/compound/5,5'-Dithiobis(2-nitrobenzoic%20acid)#section=Safety-and-Hazards"
74,"5,5'-Dithiobis(2-nitrobenzoic acid)",Al,AA2024,328,7,0.6,81.2,109734.6,https://www.sigmaaldrich.com/IN/en/product/sigma/d8130,"skin ,eye and respiratory irritation","https://pubchem.ncbi.nlm.nih.gov/compound/5,5'-Dithiobis(2-nitrobenzoic%20acid)#section=Safety-and-Hazards"
75,"5,5'-Dithiobis(2-nitrobenzoic acid)",Al,AA2024,328,7,0.6,80.4,109734.6,https://www.sigmaaldrich.com/IN/en/product/sigma/d8130,"skin ,eye and respiratory irritation","https://pubchem.ncbi.nlm.nih.gov/compound/5,5'-Dithiobis(2-nitrobenzoic%20acid)#section=Safety-and-Hazards"
76,Sodium sulfite,Al,AA2024,298,7,0.6,63.5,4.9,https://www.indiamart.com/proddetail/sodium-sulphite-3977770233.html,"skin burn ,skin irritation and eye irritation ",https://pubchem.ncbi.nlm.nih.gov/compound/Sodium%20sulfite#section=Safety-and-Hazards
77,Sodium sulfite,Al,AA2024,298,7,0.6,82.6,4.9,https://www.indiamart.com/proddetail/sodium-sulphite-3977770233.html,"skin burn ,skin irritation and eye irritation ",https://pubchem.ncbi.nlm.nih.gov/compound/Sodium%20sulfite#section=Safety-and-Hazards
78,Sodium sulfite,Al,AA2024,298,7,0.6,98.5,4.9,https://www.indiamart.com/proddetail/sodium-sulphite-3977770233.html,"skin burn ,skin irritation and eye irritation ",https://pubchem.ncbi.nlm.nih.gov/compound/Sodium%20sulfite#section=Safety-and-Hazards
79,Sodium sulfite,Al,AA2024,298,7,0.6,98.7,4.9,https://www.indiamart.com/proddetail/sodium-sulphite-3977770233.html,"skin burn ,skin irritation and eye irritation ",https://pubchem.ncbi.nlm.nih.gov/compound/Sodium%20sulfite#section=Safety-and-Hazards
80,Sodium sulfite,Al,AA2024,308,7,0.6,61,4.9,https://www.indiamart.com/proddetail/sodium-sulphite-3977770233.html,"skin burn ,skin irritation and eye irritation ",https://pubchem.ncbi.nlm.nih.gov/compound/Sodium%20sulfite#section=Safety-and-Hazards
81,Sodium sulfite,Al,AA2024,308,7,0.6,80,4.9,https://www.indiamart.com/proddetail/sodium-sulphite-3977770233.html,"skin burn ,skin irritation and eye irritation ",https://pubchem.ncbi.nlm.nih.gov/compound/Sodium%20sulfite#section=Safety-and-Hazards
82,Sodium sulfite,Al,AA2024,308,7,0.6,95.5,4.9,https://www.indiamart.com/proddetail/sodium-sulphite-3977770233.html,"skin burn ,skin irritation and eye irritation ",https://pubchem.ncbi.nlm.nih.gov/compound/Sodium%20sulfite#section=Safety-and-Hazards
83,Sodium sulfite,Al,AA2024,308,7,0.6,96,4.9,https://www.indiamart.com/proddetail/sodium-sulphite-3977770233.html,"skin burn ,skin irritation and eye irritation ",https://pubchem.ncbi.nlm.nih.gov/compound/Sodium%20sulfite#section=Safety-and-Hazards
84,Sodium sulfite,Al,AA2024,318,7,0.6,58.7,4.9,https://www.indiamart.com/proddetail/sodium-sulphite-3977770233.html,"skin burn ,skin irritation and eye irritation ",https://pubchem.ncbi.nlm.nih.gov/compound/Sodium%20sulfite#section=Safety-and-Hazards
85,Sodium sulfite,Al,AA2024,318,7,0.6,77,4.9,https://www.indiamart.com/proddetail/sodium-sulphite-3977770233.html,"skin burn ,skin irritation and eye irritation ",https://pubchem.ncbi.nlm.nih.gov/compound/Sodium%20sulfite#section=Safety-and-Hazards
86,Sodium sulfite,Al,AA2024,318,7,0.6,92.7,4.9,https://www.indiamart.com/proddetail/sodium-sulphite-3977770233.html,"skin burn ,skin irritation and eye irritation ",https://pubchem.ncbi.nlm.nih.gov/compound/Sodium%20sulfite#section=Safety-and-Hazards
87,Sodium sulfite,Al,AA2024,318,7,0.6,94,4.9,https://www.indiamart.com/proddetail/sodium-sulphite-3977770233.html,"skin burn ,skin irritation and eye irritation ",https://pubchem.ncbi.nlm.nih.gov/compound/Sodium%20sulfite#section=Safety-and-Hazards
88,Sodium sulfite,Al,AA2024,328,7,0.6,55.1,4.9,https://www.indiamart.com/proddetail/sodium-sulphite-3977770233.html,"skin burn ,skin irritation and eye irritation ",https://pubchem.ncbi.nlm.nih.gov/compound/Sodium%20sulfite#section=Safety-and-Hazards
89,Sodium sulfite,Al,AA2024,328,7,0.6,74.3,4.9,https://www.indiamart.com/proddetail/sodium-sulphite-3977770233.html,"skin burn ,skin irritation and eye irritation ",https://pubchem.ncbi.nlm.nih.gov/compound/Sodium%20sulfite#section=Safety-and-Hazards
90,Sodium sulfite,Al,AA2024,328,7,0.6,87.8,4.9,https://www.indiamart.com/proddetail/sodium-sulphite-3977770233.html,"skin burn ,skin irritation and eye irritation ",https://pubchem.ncbi.nlm.nih.gov/compound/Sodium%20sulfite#section=Safety-and-Hazards
91,Sodium sulfite,Al,AA2024,328,7,0.6,91.7,4.9,https://www.indiamart.com/proddetail/sodium-sulphite-3977770233.html,"skin burn ,skin irritation and eye irritation ",https://pubchem.ncbi.nlm.nih.gov/compound/Sodium%20sulfite#section=Safety-and-Hazards
92,Disodium-N-octyliminodiacetate,Al,AA2024,303,7,0.6,66.47,,,,
93,Disodium-N-octyliminodiacetate,Al,AA2024,303,7,0.6,72.37,,,,
94,Disodium-N-octyliminodiacetate,Al,AA2024,303,7,0.6,50.35,,,,
95,Disodium-N-decyliminodiacetate,Al,AA2024,303,7,0.6,68.95,,,,
96,Disodium-N-decyliminodiacetate,Al,AA2024,303,7,0.6,74.31,,,,
97,Disodium-N-decyliminodiacetate,Al,AA2024,303,7,0.6,57.74,,,,
98,Disodium-N-dodecyliminodiacetate,Al,AA2024,303,7,0.6,55.2,,,,
99,Disodium-N-dodecyliminodiacetate,Al,AA2024,303,7,0.6,70.93,,,,
100,Disodium-N-dodecyliminodiacetate,Al,AA2024,303,7,0.6,77.71,,,,
101,Disodium-N-dodecyliminodiacetate,Al,AA2024,303,7,0.6,63.44,,,,
102,Disodium-N-octyliminodiacetate,Al,AA2024,303,7,0.6,77.73,,,,
103,Disodium-N-octyliminodiacetate,Al,AA2024,303,7,0.6,85.22,,,,
104,Disodium-N-octyliminodiacetate,Al,AA2024,303,7,0.6,90.02,,,,
105,Disodium-N-octyliminodiacetate,Al,AA2024,303,7,0.6,83.45,,,,
106,Disodium-N-decyliminodiacetate,Al,AA2024,303,7,0.6,80.1,,,,
107,Disodium-N-decyliminodiacetate,Al,AA2024,303,7,0.6,86.56,,,,
108,Disodium-N-decyliminodiacetate,Al,AA2024,303,7,0.6,90.89,,,,
109,Disodium-N-decyliminodiacetate,Al,AA2024,303,7,0.6,84.65,,,,
110,Disodium-N-dodecyliminodiacetate,Al,AA2024,303,7,0.6,82.41,,,,
111,Disodium-N-dodecyliminodiacetate,Al,AA2024,303,7,0.6,91.79,,,,
112,Disodium-N-dodecyliminodiacetate,Al,AA2024,303,7,0.6,92.19,,,,
113,Disodium-N-dodecyliminodiacetate,Al,AA2024,303,7,0.6,91.45,,,,
114,Disodium-N-octyliminodiacetate,Al,AA2024,303,7,0.6,78.27,,,,
115,Disodium-N-octyliminodiacetate,Al,AA2024,303,7,0.6,85.97,,,,
116,Disodium-N-octyliminodiacetate,Al,AA2024,303,7,0.6,90.18,,,,
117,Disodium-N-octyliminodiacetate,Al,AA2024,303,7,0.6,84.37,,,,
118,Disodium-N-decyliminodiacetate,Al,AA2024,303,7,0.6,80.68,,,,
119,Disodium-N-decyliminodiacetate,Al,AA2024,303,7,0.6,86.97,,,,
120,Disodium-N-decyliminodiacetate,Al,AA2024,303,7,0.6,90.38,,,,
121,Disodium-N-decyliminodiacetate,Al,AA2024,303,7,0.6,85.04,,,,
122,Disodium-N-dodecyliminodiacetate,Al,AA2024,303,7,0.6,82.46,,,,
123,Disodium-N-dodecyliminodiacetate,Al,AA2024,303,7,0.6,91.78,,,,
124,Disodium-N-dodecyliminodiacetate,Al,AA2024,303,7,0.6,92.25,,,,
125,Disodium-N-dodecyliminodiacetate,Al,AA2024,303,7,0.6,91.45,,,,
126,Cerium (III) ammonium nitrate,Al,AA2024,298,5.4,0.01,64.8,4931.81,https://www.scbt.com/p/cerium-iii-ammonium-nitrate-tetrahydrate-13083-04-0,Harmful if swallowed and permanent damage to eye,"https://www.labster.com/blog/make-ceric-ammonium-nitrate-test-approachable#:~:text=NOTE:%20Ceric%20ammonium%20nitrate%20is%20a%20strong,eye%20contact%20may%20cause%20permanent%20eye%20damage."
127,Cerium (III) ammonium nitrate,Al,AA2024,298,5.4,0.01,69.2,4931.81,https://www.scbt.com/p/cerium-iii-ammonium-nitrate-tetrahydrate-13083-04-0,Harmful if swallowed and permanent damage to eye,"https://www.labster.com/blog/make-ceric-ammonium-nitrate-test-approachable#:~:text=NOTE:%20Ceric%20ammonium%20nitrate%20is%20a%20strong,eye%20contact%20may%20cause%20permanent%20eye%20damage."
128,Cerium (III) ammonium nitrate,Al,AA2024,298,5.5,0.01,51,4931.81,https://www.scbt.com/p/cerium-iii-ammonium-nitrate-tetrahydrate-13083-04-0,Harmful if swallowed and permanent damage to eye,"https://www.labster.com/blog/make-ceric-ammonium-nitrate-test-approachable#:~:text=NOTE:%20Ceric%20ammonium%20nitrate%20is%20a%20strong,eye%20contact%20may%20cause%20permanent%20eye%20damage."
129,Cerium (III) ammonium nitrate,Al,AA2024,298,4.4,0.01,66.9,4931.81,https://www.scbt.com/p/cerium-iii-ammonium-nitrate-tetrahydrate-13083-04-0,Harmful if swallowed and permanent damage to eye,"https://www.labster.com/blog/make-ceric-ammonium-nitrate-test-approachable#:~:text=NOTE:%20Ceric%20ammonium%20nitrate%20is%20a%20strong,eye%20contact%20may%20cause%20permanent%20eye%20damage."
130,Cerium (III) ammonium nitrate,Al,AA2024,298,5.4,0.01,78.9,4931.81,https://www.scbt.com/p/cerium-iii-ammonium-nitrate-tetrahydrate-13083-04-0,Harmful if swallowed and permanent damage to eye,"https://www.labster.com/blog/make-ceric-ammonium-nitrate-test-approachable#:~:text=NOTE:%20Ceric%20ammonium%20nitrate%20is%20a%20strong,eye%20contact%20may%20cause%20permanent%20eye%20damage."
131,Cerium (III) ammonium nitrate,Al,AA2024,298,5.5,0.01,85.2,4931.81,https://www.scbt.com/p/cerium-iii-ammonium-nitrate-tetrahydrate-13083-04-0,Harmful if swallowed and permanent damage to eye,"https://www.labster.com/blog/make-ceric-ammonium-nitrate-test-approachable#:~:text=NOTE:%20Ceric%20ammonium%20nitrate%20is%20a%20strong,eye%20contact%20may%20cause%20permanent%20eye%20damage."
132,Cerium (III) ammonium nitrate,Al,AA2024,298,4.4,0.01,83.3,4931.81,https://www.scbt.com/p/cerium-iii-ammonium-nitrate-tetrahydrate-13083-04-0,Harmful if swallowed and permanent damage to eye,"https://www.labster.com/blog/make-ceric-ammonium-nitrate-test-approachable#:~:text=NOTE:%20Ceric%20ammonium%20nitrate%20is%20a%20strong,eye%20contact%20may%20cause%20permanent%20eye%20damage."
133,Cerium (III) ammonium nitrate,Al,AA2024,298,5.4,0.01,89.9,4931.81,https://www.scbt.com/p/cerium-iii-ammonium-nitrate-tetrahydrate-13083-04-0,Harmful if swallowed and permanent damage to eye,"https://www.labster.com/blog/make-ceric-ammonium-nitrate-test-approachable#:~:text=NOTE:%20Ceric%20ammonium%20nitrate%20is%20a%20strong,eye%20contact%20may%20cause%20permanent%20eye%20damage."
134,Cerium (III) ammonium nitrate,Al,AA2024,298,5.5,0.01,88.1,4931.81,https://www.scbt.com/p/cerium-iii-ammonium-nitrate-tetrahydrate-13083-04-0,Harmful if swallowed and permanent damage to eye,"https://www.labster.com/blog/make-ceric-ammonium-nitrate-test-approachable#:~:text=NOTE:%20Ceric%20ammonium%20nitrate%20is%20a%20strong,eye%20contact%20may%20cause%20permanent%20eye%20damage."
135,Cerium (III) ammonium nitrate,Al,AA2024,298,5.6,0.01,80.7,4931.81,https://www.scbt.com/p/cerium-iii-ammonium-nitrate-tetrahydrate-13083-04-0,Harmful if swallowed and permanent damage to eye,"https://www.labster.com/blog/make-ceric-ammonium-nitrate-test-approachable#:~:text=NOTE:%20Ceric%20ammonium%20nitrate%20is%20a%20strong,eye%20contact%20may%20cause%20permanent%20eye%20damage."
136,Cerium (III) ammonium nitrate,Al,AA2024,298,4.4,0.01,88.9,4931.81,https://www.scbt.com/p/cerium-iii-ammonium-nitrate-tetrahydrate-13083-04-0,Harmful if swallowed and permanent damage to eye,"https://www.labster.com/blog/make-ceric-ammonium-nitrate-test-approachable#:~:text=NOTE:%20Ceric%20ammonium%20nitrate%20is%20a%20strong,eye%20contact%20may%20cause%20permanent%20eye%20damage."
137,Cerium (III) ammonium nitrate,Al,AA2024,298,5.4,0.01,90.1,4931.81,https://www.scbt.com/p/cerium-iii-ammonium-nitrate-tetrahydrate-13083-04-0,Harmful if swallowed and permanent damage to eye,"https://www.labster.com/blog/make-ceric-ammonium-nitrate-test-approachable#:~:text=NOTE:%20Ceric%20ammonium%20nitrate%20is%20a%20strong,eye%20contact%20may%20cause%20permanent%20eye%20damage."
138,Cerium (III) ammonium nitrate,Al,AA2024,298,5.5,0.01,80.3,4931.81,https://www.scbt.com/p/cerium-iii-ammonium-nitrate-tetrahydrate-13083-04-0,Harmful if swallowed and permanent damage to eye,"https://www.labster.com/blog/make-ceric-ammonium-nitrate-test-approachable#:~:text=NOTE:%20Ceric%20ammonium%20nitrate%20is%20a%20strong,eye%20contact%20may%20cause%20permanent%20eye%20damage."
139,Cerium (III) ammonium nitrate,Al,AA2024,298,5.6,0.01,57.5,4931.81,https://www.scbt.com/p/cerium-iii-ammonium-nitrate-tetrahydrate-13083-04-0,Harmful if swallowed and permanent damage to eye,"https://www.labster.com/blog/make-ceric-ammonium-nitrate-test-approachable#:~:text=NOTE:%20Ceric%20ammonium%20nitrate%20is%20a%20strong,eye%20contact%20may%20cause%20permanent%20eye%20damage."
140,Cerium (IV) ammonium nitrate,Al,AA2024,298,5.6,0.01,53.5,11555.1,https://www.sigmaaldrich.com/IN/en/product/sigald/22249,"eye,skin ,respiratory irritation and harmful to aquatic life with long lasting effects  ",https://pubchem.ncbi.nlm.nih.gov/compound/Cerium_IV_-ammonium-nitrate#section=Hazards-Identification
141,Cerium (IV) ammonium nitrate,Al,AA2024,298,5.4,0.01,67.5,11555.1,https://www.sigmaaldrich.com/IN/en/product/sigald/22249,"eye,skin ,respiratory irritation and harmful to aquatic life with long lasting effects  ",https://pubchem.ncbi.nlm.nih.gov/compound/Cerium_IV_-ammonium-nitrate#section=Hazards-Identification
142,Cerium (IV) ammonium nitrate,Al,AA2024,298,5.5,0.01,79.2,11555.1,https://www.sigmaaldrich.com/IN/en/product/sigald/22249,"eye,skin ,respiratory irritation and harmful to aquatic life with long lasting effects  ",https://pubchem.ncbi.nlm.nih.gov/compound/Cerium_IV_-ammonium-nitrate#section=Hazards-Identification
143,Cerium (IV) ammonium nitrate,Al,AA2024,298,5.6,0.01,63.7,11555.1,https://www.sigmaaldrich.com/IN/en/product/sigald/22249,"eye,skin ,respiratory irritation and harmful to aquatic life with long lasting effects  ",https://pubchem.ncbi.nlm.nih.gov/compound/Cerium_IV_-ammonium-nitrate#section=Hazards-Identification
144,Cerium (IV) ammonium nitrate,Al,AA2024,298,5.5,0.01,62.7,11555.1,https://www.sigmaaldrich.com/IN/en/product/sigald/22249,"eye,skin ,respiratory irritation and harmful to aquatic life with long lasting effects  ",https://pubchem.ncbi.nlm.nih.gov/compound/Cerium_IV_-ammonium-nitrate#section=Hazards-Identification
145,Cerium (IV) ammonium nitrate,Al,AA2024,298,5.6,0.01,59.4,11555.1,https://www.sigmaaldrich.com/IN/en/product/sigald/22249,"eye,skin ,respiratory irritation and harmful to aquatic life with long lasting effects  ",https://pubchem.ncbi.nlm.nih.gov/compound/Cerium_IV_-ammonium-nitrate#section=Hazards-Identification
146,Cerium(III) nitrate ,Al,AA2024,298,7,0.01,91.7,22590,https://www.sigmaaldrich.com/IN/en/product/mm/102271,"fire ,explosion ,eye irritation ,eye damage and toxic to aquatic life long lasting effects ",https://pubchem.ncbi.nlm.nih.gov/compound/Cerium(III)%20nitrate#section=Safety-and-Hazards
147,Cerium(III) nitrate ,Al,AA2024,298,7,0.01,94.6,22590,https://www.sigmaaldrich.com/IN/en/product/mm/102271,"fire ,explosion ,eye irritation ,eye damage and toxic to aquatic life long lasting effects ",https://pubchem.ncbi.nlm.nih.gov/compound/Cerium(III)%20nitrate#section=Safety-and-Hazards
148,Cerium(III) nitrate ,Al,AA2024,298,7,0.01,96,22590,https://www.sigmaaldrich.com/IN/en/product/mm/102271,"fire ,explosion ,eye irritation ,eye damage and toxic to aquatic life long lasting effects",https://pubchem.ncbi.nlm.nih.gov/compound/Cerium(III)%20nitrate#section=Safety-and-Hazards
149,Cerium(III) nitrate ,Al,AA2024,298,7,0.01,96.8,22590,https://www.sigmaaldrich.com/IN/en/product/mm/102271,"fire ,explosion ,eye irritation ,eye damage and toxic to aquatic life long lasing effects",https://pubchem.ncbi.nlm.nih.gov/compound/Cerium(III)%20nitrate#section=Safety-and-Hazards
150,Cerium(III) nitrate ,Al,AA2024,298,7,0.01,97,22590,https://www.sigmaaldrich.com/IN/en/product/mm/102271,"fire ,explosion ,eye irritation ,eye damage and toxic to aquatic life log lastic effects ",https://pubchem.ncbi.nlm.nih.gov/compound/Cerium(III)%20nitrate#section=Safety-and-Hazards
151,Cerium(III) nitrate ,Al,AA2024,298,7,0.01,97.3,22590,https://www.sigmaaldrich.com/IN/en/product/mm/102271,"fire ,explosion ,eye irritation ,eye damage and toxic to aquatic life long lasting effects",https://pubchem.ncbi.nlm.nih.gov/compound/Cerium(III)%20nitrate#section=Safety-and-Hazards
152,Cerium(III) nitrate ,Al,AA2024,298,7,0.01,97.5,22590,https://www.sigmaaldrich.com/IN/en/product/mm/102271,"fire ,explosion ,eye irritation ,eye damage and toxic to aquatic life long lasting effects",https://pubchem.ncbi.nlm.nih.gov/compound/Cerium(III)%20nitrate#section=Safety-and-Hazards
153,Cerium(IV) ammonium nitrate,Al,AA2024,298,7,0.01,82.3,6553.44,https://www.sigmaaldrich.com/IN/en/product/sigald/c3654,"intensify fire ,eye ,skin and respiratory irriatation ,toxic to aquatic life ,skin burns ,allergic skin",https://pubchem.ncbi.nlm.nih.gov/compound/Cerium(IV)%20ammonium%20nitrate#section=Safety-and-Hazards
154,Cerium(IV) ammonium nitrate,Al,AA2024,298,7,0.01,91.3,6553.44,https://www.sigmaaldrich.com/IN/en/product/sigald/c3654,"intensify fire ,eye ,skin and respiratory irriatation ,toxic to aquatic life ,skin burns ,allergic skin",https://pubchem.ncbi.nlm.nih.gov/compound/Cerium(IV)%20ammonium%20nitrate#section=Safety-and-Hazards
155,Cerium(IV) ammonium nitrate,Al,AA2024,298,7,0.01,93.5,6553.44,https://www.sigmaaldrich.com/IN/en/product/sigald/c3654,"intensify fire ,eye ,skin and respiratory irriatation ,toxic to aquatic life ,skin burns ,allergic skin",https://pubchem.ncbi.nlm.nih.gov/compound/Cerium(IV)%20ammonium%20nitrate#section=Safety-and-Hazards
156,Cerium(IV) ammonium nitrate,Al,AA2024,298,7,0.01,96.3,6553.44,https://www.sigmaaldrich.com/IN/en/product/sigald/c3654,"intensify fire ,eye ,skin and respiratory irriatation ,toxic to aquatic life ,skin burns ,allergic skin",https://pubchem.ncbi.nlm.nih.gov/compound/Cerium(IV)%20ammonium%20nitrate#section=Safety-and-Hazards
157,Cerium(IV) ammonium nitrate,Al,AA2024,298,7,0.01,96.5,6553.44,https://www.sigmaaldrich.com/IN/en/product/sigald/c3654,"intensify fire ,eye ,skin and respiratory irriatation ,toxic to aquatic life ,skin burns ,allergic skin",https://pubchem.ncbi.nlm.nih.gov/compound/Cerium(IV)%20ammonium%20nitrate#section=Safety-and-Hazards
158,Cerium(IV) ammonium nitrate,Al,AA2024,298,7,0.01,96.7,6553.44,https://www.sigmaaldrich.com/IN/en/product/sigald/c3654,"intensify fire ,eye ,skin and respiratory irriatation ,toxic to aquatic life ,skin burns ,allergic skin",https://pubchem.ncbi.nlm.nih.gov/compound/Cerium(IV)%20ammonium%20nitrate#section=Safety-and-Hazards
159,Cerium(IV) ammonium nitrate,Al,AA2024,298,7,0.01,97.3,6553.44,https://www.sigmaaldrich.com/IN/en/product/sigald/c3654,"intensify fire ,eye ,skin and respiratory irriatation ,toxic to aquatic life ,skin burns ,allergic skin",https://pubchem.ncbi.nlm.nih.gov/compound/Cerium(IV)%20ammonium%20nitrate#section=Safety-and-Hazards
160,Cerium(III) sulfate,Al,AA2024,298,7,0.01,94.3,74600,https://www.sigmaaldrich.com/IN/en/search/13454-94-9?focus=products&page=1&perpage=30&sort=relevance&term=13454-94-9&type=cas_number,"skin,eye and respiratory irritation",https://pubchem.ncbi.nlm.nih.gov/compound/Cerium(III)%20sulfate#section=Safety-and-Hazards
161,Cerium(III) sulfate,Al,AA2024,298,7,0.01,93.6,74600,https://www.sigmaaldrich.com/IN/en/search/13454-94-9?focus=products&page=1&perpage=30&sort=relevance&term=13454-94-9&type=cas_number,"skin,eye and respiratory irritation",https://pubchem.ncbi.nlm.nih.gov/compound/Cerium(III)%20sulfate#section=Safety-and-Hazards
162,Cerium(III) sulfate,Al,AA2024,298,7,0.01,91.5,74600,https://www.sigmaaldrich.com/IN/en/search/13454-94-9?focus=products&page=1&perpage=30&sort=relevance&term=13454-94-9&type=cas_number,"skin,eye and respiratory irritation",https://pubchem.ncbi.nlm.nih.gov/compound/Cerium(III)%20sulfate#section=Safety-and-Hazards
163,Cerium(III) sulfate,Al,AA2024,298,7,0.01,93,74600,https://www.sigmaaldrich.com/IN/en/search/13454-94-9?focus=products&page=1&perpage=30&sort=relevance&term=13454-94-9&type=cas_number,"skin,eye and respiratory irritation",https://pubchem.ncbi.nlm.nih.gov/compound/Cerium(III)%20sulfate#section=Safety-and-Hazards
164,Cerium(III) sulfate,Al,AA2024,298,7,0.01,93.3,74600,https://www.sigmaaldrich.com/IN/en/search/13454-94-9?focus=products&page=1&perpage=30&sort=relevance&term=13454-94-9&type=cas_number,"skin,eye and respiratory irritation",https://pubchem.ncbi.nlm.nih.gov/compound/Cerium(III)%20sulfate#section=Safety-and-Hazards
165,Cerium(III) sulfate,Al,AA2024,298,7,0.01,93.4,74600,https://www.sigmaaldrich.com/IN/en/search/13454-94-9?focus=products&page=1&perpage=30&sort=relevance&term=13454-94-9&type=cas_number,"skin,eye and respiratory irritation",https://pubchem.ncbi.nlm.nih.gov/compound/Cerium(III)%20sulfate#section=Safety-and-Hazards
166,Cerium(III) sulfate,Al,AA2024,298,7,0.01,93.9,74600,https://www.sigmaaldrich.com/IN/en/search/13454-94-9?focus=products&page=1&perpage=30&sort=relevance&term=13454-94-9&type=cas_number,"skin,eye and respiratory irritation",https://pubchem.ncbi.nlm.nih.gov/compound/Cerium(III)%20sulfate#section=Safety-and-Hazards
167,Cerium(III) chloride,Al,AA2024,298,7,0.01,77.1,68908.8,https://www.sigmaaldrich.com/IN/en/product/aldrich/298190,"skin,eye and respiratory irritation",https://pubchem.ncbi.nlm.nih.gov/compound/Cerium(III)%20sulfate#section=Safety-and-Hazards
168,Cerium(III) chloride,Al,AA2024,298,7,0.01,80.5,68908.8,https://www.sigmaaldrich.com/IN/en/product/aldrich/298190,"skin,eye and respiratory irritation",https://pubchem.ncbi.nlm.nih.gov/compound/Cerium(III)%20sulfate#section=Safety-and-Hazards
169,Cerium(III) chloride,Al,AA2024,298,7,0.01,82.3,68908.8,https://www.sigmaaldrich.com/IN/en/product/aldrich/298190,"skin,eye and respiratory irritation",https://pubchem.ncbi.nlm.nih.gov/compound/Cerium(III)%20sulfate#section=Safety-and-Hazards
170,Cerium(III) chloride,Al,AA2024,298,7,0.01,87.9,68908.8,https://www.sigmaaldrich.com/IN/en/product/aldrich/298190,"skin,eye and respiratory irritation",https://pubchem.ncbi.nlm.nih.gov/compound/Cerium(III)%20sulfate#section=Safety-and-Hazards
171,Cerium(III) chloride,Al,AA2024,298,7,0.01,89.1,68908.8,https://www.sigmaaldrich.com/IN/en/product/aldrich/298190,"skin,eye and respiratory irritation",https://pubchem.ncbi.nlm.nih.gov/compound/Cerium(III)%20sulfate#section=Safety-and-Hazards
172,Cerium(III) chloride,Al,AA2024,298,7,0.01,93.6,68908.8,https://www.sigmaaldrich.com/IN/en/product/aldrich/298190,"skin,eye and respiratory irritation",https://pubchem.ncbi.nlm.nih.gov/compound/Cerium(III)%20sulfate#section=Safety-and-Hazards
173,Cerium(III) chloride,Al,AA2024,298,7,0.01,95.9,68908.8,https://www.sigmaaldrich.com/IN/en/product/aldrich/298190,"skin,eye and respiratory irritation",https://pubchem.ncbi.nlm.nih.gov/compound/Cerium(III)%20sulfate#section=Safety-and-Hazards
174,Cerium(III) nitrate ,Al,AA2024,298,7,0.01,80,"22,590",https://www.sigmaaldrich.com/IN/en/product/mm/102271,"fire ,explosion ,eye irritation ,eye damage and toxic to aquatic life long lasting effects ",https://pubchem.ncbi.nlm.nih.gov/compound/Cerium(III)%20nitrate#section=Safety-and-Hazards
175,Cerium(III) nitrate ,Al,AA2024,298,7,0.01,86.7,22590,https://www.sigmaaldrich.com/IN/en/product/mm/102271,"fire ,explosion ,eye irritation ,eye damage and toxic to aquatic life long lasting effects ",https://pubchem.ncbi.nlm.nih.gov/compound/Cerium(III)%20nitrate#section=Safety-and-Hazards
176,Cerium(III) nitrate ,Al,AA2024,298,7,0.01,93.8,22590,https://www.sigmaaldrich.com/IN/en/product/mm/102271,"fire ,explosion ,eye irritation ,eye damage and toxic to aquatic life long lasting effects ",https://pubchem.ncbi.nlm.nih.gov/compound/Cerium(III)%20nitrate#section=Safety-and-Hazards
177,Cerium(III) nitrate ,Al,AA2024,298,7,0.01,94.9,22590,https://www.sigmaaldrich.com/IN/en/product/mm/102271,"fire ,explosion ,eye irritation ,eye damage and toxic to aquatic life long lasting effects ",https://pubchem.ncbi.nlm.nih.gov/compound/Cerium(III)%20nitrate#section=Safety-and-Hazards
178,Cerium(III) nitrate ,Al,AA2024,298,7,0.01,96,22590,https://www.sigmaaldrich.com/IN/en/product/mm/102271,"fire ,explosion ,eye irritation ,eye damage and toxic to aquatic life long lasting effects ",https://pubchem.ncbi.nlm.nih.gov/compound/Cerium(III)%20nitrate#section=Safety-and-Hazards
179,Cerium(III) nitrate ,Al,AA2024,298,7,0.01,96.3,22590,https://www.sigmaaldrich.com/IN/en/product/mm/102271,"fire ,explosion ,eye irritation ,eye damage and toxic to aquatic life long lasting effects ",https://pubchem.ncbi.nlm.nih.gov/compound/Cerium(III)%20nitrate#section=Safety-and-Hazards
180,Cerium(III) nitrate ,Al,AA2024,298,7,0.01,97.4,22590,https://www.sigmaaldrich.com/IN/en/product/mm/102271,"fire ,explosion ,eye irritation ,eye damage and toxic to aquatic life long lasting effects ",https://pubchem.ncbi.nlm.nih.gov/compound/Cerium(III)%20nitrate#section=Safety-and-Hazards
181,Cerium(IV) ammonium nitrate,Al,AA2024,298,7,0.01,78.3,10000,https://www.sigmaaldrich.com/IN/en/substance/ammoniumceriumivnitrate5482216774213,"skin damage ,eye irritation ,respiratory irritation and long lasting effect to aquatic life ",https://pubchem.ncbi.nlm.nih.gov/compound/Cerium_IV_-ammonium-nitrate#datasheet=LCSS&section=GHS-Classification
182,Cerium(IV) ammonium nitrate,Al,AA2024,298,7,0.01,84.3,10000,https://www.sigmaaldrich.com/IN/en/substance/ammoniumceriumivnitrate5482216774214,"skin damage ,eye irritation ,respiratory irritation and long lasting effect to aquatic life ",https://pubchem.ncbi.nlm.nih.gov/compound/Cerium_IV_-ammonium-nitrate#datasheet=LCSS&section=GHS-Classification
183,Cerium(IV) ammonium nitrate,Al,AA2024,298,7,0.01,91,10000,https://www.sigmaaldrich.com/IN/en/substance/ammoniumceriumivnitrate5482216774215,"skin damage ,eye irritation ,respiratory irritation and long lasting effect to aquatic life ",https://pubchem.ncbi.nlm.nih.gov/compound/Cerium_IV_-ammonium-nitrate#datasheet=LCSS&section=GHS-Classification
184,Cerium(IV) ammonium nitrate,Al,AA2024,298,7,0.01,94.2,10000,https://www.sigmaaldrich.com/IN/en/substance/ammoniumceriumivnitrate5482216774216,"skin damage ,eye irritation ,respiratory irritation and long lasting effect to aquatic life ",https://pubchem.ncbi.nlm.nih.gov/compound/Cerium_IV_-ammonium-nitrate#datasheet=LCSS&section=GHS-Classification
185,Cerium(IV) ammonium nitrate,Al,AA2024,298,7,0.01,95.7,10000,https://www.sigmaaldrich.com/IN/en/substance/ammoniumceriumivnitrate5482216774217,"skin damage ,eye irritation ,respiratory irritation and long lasting effect to aquatic life ",https://pubchem.ncbi.nlm.nih.gov/compound/Cerium_IV_-ammonium-nitrate#datasheet=LCSS&section=GHS-Classification
186,Cerium(IV) ammonium nitrate,Al,AA2024,298,7,0.01,96.2,10000,https://www.sigmaaldrich.com/IN/en/substance/ammoniumceriumivnitrate5482216774218,"skin damage ,eye irritation ,respiratory irritation and long lasting effect to aquatic life ",https://pubchem.ncbi.nlm.nih.gov/compound/Cerium_IV_-ammonium-nitrate#datasheet=LCSS&section=GHS-Classification
187,Cerium(IV) ammonium nitrate,Al,AA2024,298,7,0.01,97.3,10000,https://www.sigmaaldrich.com/IN/en/substance/ammoniumceriumivnitrate5482216774219,"skin damage ,eye irritation ,respiratory irritation and long lasting effect to aquatic life ",https://pubchem.ncbi.nlm.nih.gov/compound/Cerium_IV_-ammonium-nitrate#datasheet=LCSS&section=GHS-Classification
188,Cerium(III) sulfate,Al,AA2024,298,7,0.01,75.1,74600,https://www.sigmaaldrich.com/IN/en/product/aldrich/574201,"skin,eye and respiratory irritation ",https://pubchem.ncbi.nlm.nih.gov/compound/Cerium(III)%20sulfate#section=Safety-and-Hazards
189,Cerium(III) sulfate,Al,AA2024,298,7,0.01,86,74600,https://www.sigmaaldrich.com/IN/en/product/aldrich/574201,"skin,eye and respiratory irritation ",https://pubchem.ncbi.nlm.nih.gov/compound/Cerium(III)%20sulfate#section=Safety-and-Hazards
190,Cerium(III) sulfate,Al,AA2024,298,7,0.01,89.1,74600,https://www.sigmaaldrich.com/IN/en/product/aldrich/574201,"skin,eye and respiratory irritation ",https://pubchem.ncbi.nlm.nih.gov/compound/Cerium(III)%20sulfate#section=Safety-and-Hazards
191,Cerium(III) sulfate,Al,AA2024,298,7,0.01,91.7,74600,https://www.sigmaaldrich.com/IN/en/product/aldrich/574201,"skin,eye and respiratory irritation ",https://pubchem.ncbi.nlm.nih.gov/compound/Cerium(III)%20sulfate#section=Safety-and-Hazards
192,Cerium(III) sulfate,Al,AA2024,298,7,0.01,92.3,74600,https://www.sigmaaldrich.com/IN/en/product/aldrich/574201,"skin,eye and respiratory irritation ",https://pubchem.ncbi.nlm.nih.gov/compound/Cerium(III)%20sulfate#section=Safety-and-Hazards
193,Cerium(III) sulfate,Al,AA2024,298,7,0.01,93.3,74600,https://www.sigmaaldrich.com/IN/en/product/aldrich/574201,"skin,eye and respiratory irritation ",https://pubchem.ncbi.nlm.nih.gov/compound/Cerium(III)%20sulfate#section=Safety-and-Hazards
194,Cerium(III) sulfate,Al,AA2024,298,7,0.01,93.8,74600,https://www.sigmaaldrich.com/IN/en/product/aldrich/574201,"skin,eye and respiratory irritation ",https://pubchem.ncbi.nlm.nih.gov/compound/Cerium(III)%20sulfate#section=Safety-and-Hazards
195,Cerium(III) chloride,Al,AA2024,298,7,0.01,78.8,11594.7,https://www.sigmaaldrich.com/IN/en/product/aldrich/228931,"skin burn,eye damage and toxic to aquatic life with long lasting effects",https://www.sigmaaldrich.com/IN/en/sds/ALDRICH/22300?userType=undefined
196,Cerium(III) chloride,Al,AA2024,298,7,0.01,81,11594.7,https://www.sigmaaldrich.com/IN/en/product/aldrich/228931,"skin burn,eye damage and toxic to aquatic life with long lasting effects",https://www.sigmaaldrich.com/IN/en/sds/ALDRICH/22300?userType=undefined
197,Cerium(III) chloride,Al,AA2024,298,7,0.01,84,11594.7,https://www.sigmaaldrich.com/IN/en/product/aldrich/228931,"skin burn,eye damage and toxic to aquatic life with long lasting effects",https://www.sigmaaldrich.com/IN/en/sds/ALDRICH/22300?userType=undefined
198,Cerium(III) chloride,Al,AA2024,298,7,0.01,87.3,11594.7,https://www.sigmaaldrich.com/IN/en/product/aldrich/228931,"skin burn,eye damage and toxic to aquatic life with long lasting effects",https://www.sigmaaldrich.com/IN/en/sds/ALDRICH/22300?userType=undefined
199,Cerium(III) chloride,Al,AA2024,298,7,0.01,88.8,11594.7,https://www.sigmaaldrich.com/IN/en/product/aldrich/228931,"skin burn,eye damage and toxic to aquatic life with long lasting effects",https://www.sigmaaldrich.com/IN/en/sds/ALDRICH/22300?userType=undefined
200,Cerium(III) chloride,Al,AA2024,298,7,0.01,90.7,11594.7,https://www.sigmaaldrich.com/IN/en/product/aldrich/228931,"skin burn,eye damage and toxic to aquatic life with long lasting effects",https://www.sigmaaldrich.com/IN/en/sds/ALDRICH/22300?userType=undefined
201,Cerium (III) chloride,Al,AA2024,293,7,0.01,83.2,11594.7,https://www.sigmaaldrich.com/IN/en/product/aldrich/228931,"skin burn,eye damage and toxic to aquatic life with long lasting effects",https://www.sigmaaldrich.com/IN/en/sds/ALDRICH/22300?userType=undefined
202,Cerium (III) chloride,Al,AA2024,293,7,0.01,87.48,11594.7,https://www.sigmaaldrich.com/IN/en/product/aldrich/228931,"skin burn,eye damage and toxic to aquatic life with long lasting effects",https://www.sigmaaldrich.com/IN/en/sds/ALDRICH/22300?userType=undefined
203,Cerium (III) chloride,Al,AA2024,293,7,0.01,89.79,11594.7,https://www.sigmaaldrich.com/IN/en/product/aldrich/228931,"skin burn,eye damage and toxic to aquatic life with long lasting effects",https://www.sigmaaldrich.com/IN/en/sds/ALDRICH/22300?userType=undefined
204,Cerium (III) chloride,Al,AA2024,313,7,0.01,70.62,11594.7,https://www.sigmaaldrich.com/IN/en/product/aldrich/228931,"skin burn,eye damage and toxic to aquatic life with long lasting effects",https://www.sigmaaldrich.com/IN/en/sds/ALDRICH/22300?userType=undefined
205,Cerium (III) chloride,Al,AA2024,313,7,0.01,85.3,11594.7,https://www.sigmaaldrich.com/IN/en/product/aldrich/228931,"skin burn,eye damage and toxic to aquatic life with long lasting effects",https://www.sigmaaldrich.com/IN/en/sds/ALDRICH/22300?userType=undefined
206,Cerium (III) chloride,Al,AA2024,333,7,0.01,66.66,11594.7,https://www.sigmaaldrich.com/IN/en/product/aldrich/228931,"skin burn,eye damage and toxic to aquatic life with long lasting effects",https://www.sigmaaldrich.com/IN/en/sds/ALDRICH/22300?userType=undefined
207,Phenylephrine,Al,AA2024,293,0,0,53.17,,,harmful if swallowed,https://pubchem.ncbi.nlm.nih.gov/compound/Phenylephrine#section=Safety-and-Hazards
208,Phenylephrine,Al,AA2024,293,0,0,61.48,,,harmful if swallowed,https://pubchem.ncbi.nlm.nih.gov/compound/Phenylephrine#section=Safety-and-Hazards
209,Phenylephrine,Al,AA2024,293,0,0,61.76,,,harmful if swallowed,https://pubchem.ncbi.nlm.nih.gov/compound/Phenylephrine#section=Safety-and-Hazards
210,Phenylephrine,Al,AA2024,293,0,0,67.92,,,harmful if swallowed,https://pubchem.ncbi.nlm.nih.gov/compound/Phenylephrine#section=Safety-and-Hazards
211,Phenylephrine,Al,AA2024,293,0,0,72.22,,,harmful if swallowed,https://pubchem.ncbi.nlm.nih.gov/compound/Phenylephrine#section=Safety-and-Hazards
212,Phenylephrine,Al,AA2024,298,0,0,58.23,,,harmful if swallowed,https://pubchem.ncbi.nlm.nih.gov/compound/Phenylephrine#section=Safety-and-Hazards
213,Phenylephrine,Al,AA2024,298,0,0,64.35,,,harmful if swallowed,https://pubchem.ncbi.nlm.nih.gov/compound/Phenylephrine#section=Safety-and-Hazards
214,Phenylephrine,Al,AA2024,298,0,0,78.39,,,harmful if swallowed,https://pubchem.ncbi.nlm.nih.gov/compound/Phenylephrine#section=Safety-and-Hazards
215,Phenylephrine,Al,AA2024,298,0,0,79.83,,,harmful if swallowed,https://pubchem.ncbi.nlm.nih.gov/compound/Phenylephrine#section=Safety-and-Hazards
216,Phenylephrine,Al,AA2024,298,0,0,82.96,,,harmful if swallowed,https://pubchem.ncbi.nlm.nih.gov/compound/Phenylephrine#section=Safety-and-Hazards
217,Phenylephrine,Al,AA2024,303,0,0,74.32,,,harmful if swallowed,https://pubchem.ncbi.nlm.nih.gov/compound/Phenylephrine#section=Safety-and-Hazards
218,Phenylephrine,Al,AA2024,303,0,0,74.81,,,harmful if swallowed,https://pubchem.ncbi.nlm.nih.gov/compound/Phenylephrine#section=Safety-and-Hazards
219,Phenylephrine,Al,AA2024,303,0,0,78.43,,,harmful if swallowed,https://pubchem.ncbi.nlm.nih.gov/compound/Phenylephrine#section=Safety-and-Hazards
220,Phenylephrine,Al,AA2024,303,0,0,80.58,,,harmful if swallowed,https://pubchem.ncbi.nlm.nih.gov/compound/Phenylephrine#section=Safety-and-Hazards
221,Phenylephrine,Al,AA2024,303,0,0,83.92,,,harmful if swallowed,https://pubchem.ncbi.nlm.nih.gov/compound/Phenylephrine#section=Safety-and-Hazards
222,Ferrous Gluconate,Al,AA2024,301,7,0.05,99.9,55,https://www.indiamart.com/proddetail/ferrous-gluconate-23543305197.html,"harmful if swallowed ,eye damage and eye irritation",https://pubchem.ncbi.nlm.nih.gov/compound/Ferrous%20Gluconate#section=Safety-and-Hazards
223,Ferrous Gluconate,Al,AA2024,301,7,0.05,99.9,55,https://www.indiamart.com/proddetail/ferrous-gluconate-23543305197.html,"harmful if swallowed ,eye damage and eye irritation",https://pubchem.ncbi.nlm.nih.gov/compound/Ferrous%20Gluconate#section=Safety-and-Hazards
224,Ferrous Gluconate,Al,AA2024,301,7,0.05,99.9,55,https://www.indiamart.com/proddetail/ferrous-gluconate-23543305197.html,"harmful if swallowed ,eye damage and eye irritation",https://pubchem.ncbi.nlm.nih.gov/compound/Ferrous%20Gluconate#section=Safety-and-Hazards
225,Ferrous Gluconate,Al,AA2024,301,7,0.05,99.9,55,https://www.indiamart.com/proddetail/ferrous-gluconate-23543305197.html,"harmful if swallowed ,eye damage and eye irritation",https://pubchem.ncbi.nlm.nih.gov/compound/Ferrous%20Gluconate#section=Safety-and-Hazards
226,Ferrous Gluconate,Al,AA2024,301,7,0.05,99.9,55,https://www.indiamart.com/proddetail/ferrous-gluconate-23543305197.html,"harmful if swallowed ,eye damage and eye irritation",https://pubchem.ncbi.nlm.nih.gov/compound/Ferrous%20Gluconate#section=Safety-and-Hazards
227,Ferrous Gluconate,Al,AA2024,301,7,0.05,99.9,55,https://www.indiamart.com/proddetail/ferrous-gluconate-23543305197.html,"harmful if swallowed ,eye damage and eye irritation",https://pubchem.ncbi.nlm.nih.gov/compound/Ferrous%20Gluconate#section=Safety-and-Hazards
228,Ferrous Gluconate,Al,AA2024,301,7,0.05,99.9,55,https://www.indiamart.com/proddetail/ferrous-gluconate-23543305197.html,"harmful if swallowed ,eye damage and eye irritation",https://pubchem.ncbi.nlm.nih.gov/compound/Ferrous%20Gluconate#section=Safety-and-Hazards
229,Ferrous Gluconate,Al,AA2024,301,7,0.05,99.9,55,https://www.indiamart.com/proddetail/ferrous-gluconate-23543305197.html,"harmful if swallowed ,eye damage and eye irritation",https://pubchem.ncbi.nlm.nih.gov/compound/Ferrous%20Gluconate#section=Safety-and-Hazards
230,Ferrous Gluconate,Al,AA2024,301,7,0.05,85,55,https://www.indiamart.com/proddetail/ferrous-gluconate-23543305197.html,"harmful if swallowed ,eye damage and eye irritation",https://pubchem.ncbi.nlm.nih.gov/compound/Ferrous%20Gluconate#section=Safety-and-Hazards
231,Ferrous Gluconate,Al,AA2024,301,7,0.05,99.9,55,https://www.indiamart.com/proddetail/ferrous-gluconate-23543305197.html,"harmful if swallowed ,eye damage and eye irritation",https://pubchem.ncbi.nlm.nih.gov/compound/Ferrous%20Gluconate#section=Safety-and-Hazards
232,Ferrous Gluconate,Al,AA2024,301,7,0.05,81,55,https://www.indiamart.com/proddetail/ferrous-gluconate-23543305197.html,"harmful if swallowed ,eye damage and eye irritation",https://pubchem.ncbi.nlm.nih.gov/compound/Ferrous%20Gluconate#section=Safety-and-Hazards
233,Ferrous Gluconate,Al,AA2024,301,7,0.05,99.9,55,https://www.indiamart.com/proddetail/ferrous-gluconate-23543305197.html,"harmful if swallowed ,eye damage and eye irritation",https://pubchem.ncbi.nlm.nih.gov/compound/Ferrous%20Gluconate#section=Safety-and-Hazards
234,Ferrous Gluconate,Al,AA2024,301,7,0.05,87,55,https://www.indiamart.com/proddetail/ferrous-gluconate-23543305197.html,"harmful if swallowed ,eye damage and eye irritation",https://pubchem.ncbi.nlm.nih.gov/compound/Ferrous%20Gluconate#section=Safety-and-Hazards
235,Ferrous Gluconate,Al,AA2024,301,7,0.05,99.9,55,https://www.indiamart.com/proddetail/ferrous-gluconate-23543305197.html,"harmful if swallowed ,eye damage and eye irritation",https://pubchem.ncbi.nlm.nih.gov/compound/Ferrous%20Gluconate#section=Safety-and-Hazards
236,Ferrous Gluconate,Al,AA2024,301,7,0.05,75,55,https://www.indiamart.com/proddetail/ferrous-gluconate-23543305197.html,"harmful if swallowed ,eye damage and eye irritation",https://pubchem.ncbi.nlm.nih.gov/compound/Ferrous%20Gluconate#section=Safety-and-Hazards
237,Ferrous Gluconate,Al,AA2024,301,7,0.05,75,55,https://www.indiamart.com/proddetail/ferrous-gluconate-23543305197.html,"harmful if swallowed ,eye damage and eye irritation",https://pubchem.ncbi.nlm.nih.gov/compound/Ferrous%20Gluconate#section=Safety-and-Hazards
238,Ferrous Gluconate,Al,AA2024,301,7,0.05,82,55,https://www.indiamart.com/proddetail/ferrous-gluconate-23543305197.html,"harmful if swallowed ,eye damage and eye irritation",https://pubchem.ncbi.nlm.nih.gov/compound/Ferrous%20Gluconate#section=Safety-and-Hazards
239,Ferrous Gluconate,Al,AA2024,301,7,0.05,90,55,https://www.indiamart.com/proddetail/ferrous-gluconate-23543305197.html,"harmful if swallowed ,eye damage and eye irritation",https://pubchem.ncbi.nlm.nih.gov/compound/Ferrous%20Gluconate#section=Safety-and-Hazards
240,Ferrous Gluconate,Al,AA2024,301,7,0.05,77,55,https://www.indiamart.com/proddetail/ferrous-gluconate-23543305197.html,"harmful if swallowed ,eye damage and eye irritation",https://pubchem.ncbi.nlm.nih.gov/compound/Ferrous%20Gluconate#section=Safety-and-Hazards
241,Ferrous Gluconate,Al,AA2024,301,7,0.05,77,55,https://www.indiamart.com/proddetail/ferrous-gluconate-23543305197.html,"harmful if swallowed ,eye damage and eye irritation",https://pubchem.ncbi.nlm.nih.gov/compound/Ferrous%20Gluconate#section=Safety-and-Hazards
242,Ferrous Gluconate,Al,AA2024,301,7,0.05,75,55,https://www.indiamart.com/proddetail/ferrous-gluconate-23543305197.html,"harmful if swallowed ,eye damage and eye irritation",https://pubchem.ncbi.nlm.nih.gov/compound/Ferrous%20Gluconate#section=Safety-and-Hazards
243,Ferrous Gluconate,Al,AA2024,301,7,0.05,90,55,https://www.indiamart.com/proddetail/ferrous-gluconate-23543305197.html,"harmful if swallowed ,eye damage and eye irritation",https://pubchem.ncbi.nlm.nih.gov/compound/Ferrous%20Gluconate#section=Safety-and-Hazards
244,Ferrous Gluconate,Al,AA2024,301,7,0.05,67,55,https://www.indiamart.com/proddetail/ferrous-gluconate-23543305197.html,"harmful if swallowed ,eye damage and eye irritation",https://pubchem.ncbi.nlm.nih.gov/compound/Ferrous%20Gluconate#section=Safety-and-Hazards
245,Ferrous Gluconate,Al,AA2024,301,7,0.05,67,55,https://www.indiamart.com/proddetail/ferrous-gluconate-23543305197.html,"harmful if swallowed ,eye damage and eye irritation",https://pubchem.ncbi.nlm.nih.gov/compound/Ferrous%20Gluconate#section=Safety-and-Hazards
246,Ferrous Gluconate,Al,AA2024,301,7,0.05,92,55,https://www.indiamart.com/proddetail/ferrous-gluconate-23543305197.html,"harmful if swallowed ,eye damage and eye irritation",https://pubchem.ncbi.nlm.nih.gov/compound/Ferrous%20Gluconate#section=Safety-and-Hazards
247,Ferrous Gluconate,Al,AA2024,301,7,0.05,62,55,https://www.indiamart.com/proddetail/ferrous-gluconate-23543305197.html,"harmful if swallowed ,eye damage and eye irritation",https://pubchem.ncbi.nlm.nih.gov/compound/Ferrous%20Gluconate#section=Safety-and-Hazards
248,Ferrous Gluconate,Al,AA2024,301,7,0.05,73,55,https://www.indiamart.com/proddetail/ferrous-gluconate-23543305197.html,"harmful if swallowed ,eye damage and eye irritation",https://pubchem.ncbi.nlm.nih.gov/compound/Ferrous%20Gluconate#section=Safety-and-Hazards
249,Ferrous Gluconate,Al,AA2024,301,7,0.05,83,55,https://www.indiamart.com/proddetail/ferrous-gluconate-23543305197.html,"harmful if swallowed ,eye damage and eye irritation",https://pubchem.ncbi.nlm.nih.gov/compound/Ferrous%20Gluconate#section=Safety-and-Hazards
250,Ferrous Gluconate,Al,AA2024,301,7,0.05,54,55,https://www.indiamart.com/proddetail/ferrous-gluconate-23543305197.html,"harmful if swallowed ,eye damage and eye irritation",https://pubchem.ncbi.nlm.nih.gov/compound/Ferrous%20Gluconate#section=Safety-and-Hazards
251,Ferrous Gluconate,Al,AA2024,301,7,0.05,63,55,https://www.indiamart.com/proddetail/ferrous-gluconate-23543305197.html                                                                                                                                                                                                                                                                                                                                                  ,"harmful if swallowed ,eye damage and eye irritation",https://pubchem.ncbi.nlm.nih.gov/compound/Ferrous%20Gluconate#section=Safety-and-Hazards
252,Ferrous Gluconate,Al,AA2024,301,7,0.05,73,55,https://www.indiamart.com/proddetail/ferrous-gluconate-23543305197.html,"harmful if swallowed ,eye damage and eye irritation",https://pubchem.ncbi.nlm.nih.gov/compound/Ferrous%20Gluconate#section=Safety-and-Hazards
253,Ferrous Gluconate,Al,AA2024,301,7,0.05,60,55,https://www.indiamart.com/proddetail/ferrous-gluconate-23543305197.html,"harmful if swallowed ,eye damage and eye irritation",https://pubchem.ncbi.nlm.nih.gov/compound/Ferrous%20Gluconate#section=Safety-and-Hazards
254,Ferrous Gluconate,Al,AA2024,301,7,0.05,54,55,https://www.indiamart.com/proddetail/ferrous-gluconate-23543305197.html,"harmful if swallowed ,eye damage and eye irritation",https://pubchem.ncbi.nlm.nih.gov/compound/Ferrous%20Gluconate#section=Safety-and-Hazards
255,Ferrous Gluconate,Al,AA2024,301,7,0.05,56,55,https://www.indiamart.com/proddetail/ferrous-gluconate-23543305197.html,"harmful if swallowed ,eye damage and eye irritation",https://pubchem.ncbi.nlm.nih.gov/compound/Ferrous%20Gluconate#section=Safety-and-Hazards
256,Ferrous Gluconate,Al,AA2024,301,7,0.05,50,55,https://www.indiamart.com/proddetail/ferrous-gluconate-23543305197.html,"harmful if swallowed ,eye damage and eye irritation",https://pubchem.ncbi.nlm.nih.gov/compound/Ferrous%20Gluconate#section=Safety-and-Hazards
257,Ferrous Gluconate,Al,AA2024,301,7,0.05,50,55,https://www.indiamart.com/proddetail/ferrous-gluconate-23543305197.html,"harmful if swallowed ,eye damage and eye irritation",https://pubchem.ncbi.nlm.nih.gov/compound/Ferrous%20Gluconate#section=Safety-and-Hazards
258,Ferrous Gluconate,Al,AA2024,301,7,0.05,52,55,https://www.indiamart.com/proddetail/ferrous-gluconate-23543305197.html,"harmful if swallowed ,eye damage and eye irritation",https://pubchem.ncbi.nlm.nih.gov/compound/Ferrous%20Gluconate#section=Safety-and-Hazards
259,Ferrous Gluconate,Al,AA2024,301,7,0.05,52,55,https://www.indiamart.com/proddetail/ferrous-gluconate-23543305197.html,"harmful if swallowed ,eye damage and eye irritation",https://pubchem.ncbi.nlm.nih.gov/compound/Ferrous%20Gluconate#section=Safety-and-Hazards
260,Zinc Gluconate,Al,AA2024,301,7,0.05,99.9,1.6,https://www.indiamart.com/proddetail/zinc-gluconate-20848607848.html,eye damage and toxic to aquatic life with long lasting effects,https://pubchem.ncbi.nlm.nih.gov/compound/Zinc%20Gluconate#section=Safety-and-Hazards
261,Zinc Gluconate,Al,AA2024,301,7,0.05,99.9,1.6,https://www.indiamart.com/proddetail/zinc-gluconate-20848607848.html,eye damage and toxic to aquatic life with long lasting effects,https://pubchem.ncbi.nlm.nih.gov/compound/Zinc%20Gluconate#section=Safety-and-Hazards
262,Zinc Gluconate,Al,AA2024,301,7,0.05,99.9,1.6,https://www.indiamart.com/proddetail/zinc-gluconate-20848607848.html,eye damage and toxic to aquatic life with long lasting effects,https://pubchem.ncbi.nlm.nih.gov/compound/Zinc%20Gluconate#section=Safety-and-Hazards
263,Zinc Gluconate,Al,AA2024,301,7,0.05,99.9,1.6,https://www.indiamart.com/proddetail/zinc-gluconate-20848607848.html,eye damage and toxic to aquatic life with long lasting effects,https://pubchem.ncbi.nlm.nih.gov/compound/Zinc%20Gluconate#section=Safety-and-Hazards
264,Zinc Gluconate,Al,AA2024,301,7,0.05,70,1.6,https://www.indiamart.com/proddetail/zinc-gluconate-20848607848.html,eye damage and toxic to aquatic life with long lasting effects,https://pubchem.ncbi.nlm.nih.gov/compound/Zinc%20Gluconate#section=Safety-and-Hazards
265,Zinc Gluconate,Al,AA2024,301,7,0.05,99.9,1.6,https://www.indiamart.com/proddetail/zinc-gluconate-20848607848.html,eye damage and toxic to aquatic life with long lasting effects,https://pubchem.ncbi.nlm.nih.gov/compound/Zinc%20Gluconate#section=Safety-and-Hazards
266,Zinc Gluconate,Al,AA2024,301,7,0.05,99.9,1.6,https://www.indiamart.com/proddetail/zinc-gluconate-20848607848.html,eye damage and toxic to aquatic life with long lasting effects,https://pubchem.ncbi.nlm.nih.gov/compound/Zinc%20Gluconate#section=Safety-and-Hazards
267,Zinc Gluconate,Al,AA2024,301,7,0.05,99.9,1.6,https://www.indiamart.com/proddetail/zinc-gluconate-20848607848.html,eye damage and toxic to aquatic life with long lasting effects,https://pubchem.ncbi.nlm.nih.gov/compound/Zinc%20Gluconate#section=Safety-and-Hazards
268,Zinc Gluconate,Al,AA2024,301,7,0.05,99.9,1.6,https://www.indiamart.com/proddetail/zinc-gluconate-20848607848.html,eye damage and toxic to aquatic life with long lasting effects,https://pubchem.ncbi.nlm.nih.gov/compound/Zinc%20Gluconate#section=Safety-and-Hazards
269,Zinc Gluconate,Al,AA2024,301,7,0.05,99.9,1.6,https://www.indiamart.com/proddetail/zinc-gluconate-20848607848.html,eye damage and toxic to aquatic life with long lasting effects,https://pubchem.ncbi.nlm.nih.gov/compound/Zinc%20Gluconate#section=Safety-and-Hazards
270,Zinc Gluconate,Al,AA2024,301,7,0.05,62,1.6,https://www.indiamart.com/proddetail/zinc-gluconate-20848607848.html,eye damage and toxic to aquatic life with long lasting effects,https://pubchem.ncbi.nlm.nih.gov/compound/Zinc%20Gluconate#section=Safety-and-Hazards
271,Zinc Gluconate,Al,AA2024,301,7,0.05,99.9,1.6,https://www.indiamart.com/proddetail/zinc-gluconate-20848607848.html,eye damage and toxic to aquatic life with long lasting effects,https://pubchem.ncbi.nlm.nih.gov/compound/Zinc%20Gluconate#section=Safety-and-Hazards
272,Zinc Gluconate,Al,AA2024,301,7,0.05,99.9,1.6,https://www.indiamart.com/proddetail/zinc-gluconate-20848607848.html,eye damage and toxic to aquatic life with long lasting effects,https://pubchem.ncbi.nlm.nih.gov/compound/Zinc%20Gluconate#section=Safety-and-Hazards
273,Zinc Gluconate,Al,AA2024,301,7,0.05,65,1.6,https://www.indiamart.com/proddetail/zinc-gluconate-20848607848.html,eye damage and toxic to aquatic life with long lasting effects,https://pubchem.ncbi.nlm.nih.gov/compound/Zinc%20Gluconate#section=Safety-and-Hazards
274,Zinc Gluconate,Al,AA2024,301,7,0.05,99.9,1.6,https://www.indiamart.com/proddetail/zinc-gluconate-20848607848.html,eye damage and toxic to aquatic life with long lasting effects,https://pubchem.ncbi.nlm.nih.gov/compound/Zinc%20Gluconate#section=Safety-and-Hazards
275,Zinc Gluconate,Al,AA2024,301,7,0.05,99.9,1.6,https://www.indiamart.com/proddetail/zinc-gluconate-20848607848.html,eye damage and toxic to aquatic life with long lasting effects,https://pubchem.ncbi.nlm.nih.gov/compound/Zinc%20Gluconate#section=Safety-and-Hazards
276,Zinc Gluconate,Al,AA2024,301,7,0.05,67,1.6,https://www.indiamart.com/proddetail/zinc-gluconate-20848607848.html,eye damage and toxic to aquatic life with long lasting effects,https://pubchem.ncbi.nlm.nih.gov/compound/Zinc%20Gluconate#section=Safety-and-Hazards
277,Zinc Gluconate,Al,AA2024,301,7,0.05,99.9,1.6,https://www.indiamart.com/proddetail/zinc-gluconate-20848607848.html,eye damage and toxic to aquatic life with long lasting effects,https://pubchem.ncbi.nlm.nih.gov/compound/Zinc%20Gluconate#section=Safety-and-Hazards
278,Zinc Gluconate,Al,AA2024,301,7,0.05,99.9,1.6,https://www.indiamart.com/proddetail/zinc-gluconate-20848607848.html,eye damage and toxic to aquatic life with long lasting effects,https://pubchem.ncbi.nlm.nih.gov/compound/Zinc%20Gluconate#section=Safety-and-Hazards
279,Zinc Gluconate,Al,AA2024,301,7,0.05,53,1.6,https://www.indiamart.com/proddetail/zinc-gluconate-20848607848.html,eye damage and toxic to aquatic life with long lasting effects,https://pubchem.ncbi.nlm.nih.gov/compound/Zinc%20Gluconate#section=Safety-and-Hazards
280,Zinc Gluconate,Al,AA2024,301,7,0.05,67,1.6,https://www.indiamart.com/proddetail/zinc-gluconate-20848607848.html,eye damage and toxic to aquatic life with long lasting effects,https://pubchem.ncbi.nlm.nih.gov/compound/Zinc%20Gluconate#section=Safety-and-Hazards
281,Zinc Gluconate,Al,AA2024,301,7,0.05,99.9,1.6,https://www.indiamart.com/proddetail/zinc-gluconate-20848607848.html,eye damage and toxic to aquatic life with long lasting effects,https://pubchem.ncbi.nlm.nih.gov/compound/Zinc%20Gluconate#section=Safety-and-Hazards
282,Zinc Gluconate,Al,AA2024,301,7,0.05,53,1.6,https://www.indiamart.com/proddetail/zinc-gluconate-20848607848.html,eye damage and toxic to aquatic life with long lasting effects,https://pubchem.ncbi.nlm.nih.gov/compound/Zinc%20Gluconate#section=Safety-and-Hazards
283,Zinc Gluconate,Al,AA2024,301,7,0.05,55,1.6,https://www.indiamart.com/proddetail/zinc-gluconate-20848607848.html,eye damage and toxic to aquatic life with long lasting effects,https://pubchem.ncbi.nlm.nih.gov/compound/Zinc%20Gluconate#section=Safety-and-Hazards
284,Zinc Gluconate,Al,AA2024,301,7,0.05,90,1.6,https://www.indiamart.com/proddetail/zinc-gluconate-20848607848.html,eye damage and toxic to aquatic life with long lasting effects,https://pubchem.ncbi.nlm.nih.gov/compound/Zinc%20Gluconate#section=Safety-and-Hazards
285,Zinc Gluconate,Al,AA2024,301,7,0.05,57,1.6,https://www.indiamart.com/proddetail/zinc-gluconate-20848607848.html,eye damage and toxic to aquatic life with long lasting effects,https://pubchem.ncbi.nlm.nih.gov/compound/Zinc%20Gluconate#section=Safety-and-Hazards
286,Zinc Gluconate,Al,AA2024,301,7,0.05,91,1.6,https://www.indiamart.com/proddetail/zinc-gluconate-20848607848.html,eye damage and toxic to aquatic life with long lasting effects,https://pubchem.ncbi.nlm.nih.gov/compound/Zinc%20Gluconate#section=Safety-and-Hazards
287,Zinc Gluconate,Al,AA2024,301,7,0.05,58,1.6,https://www.indiamart.com/proddetail/zinc-gluconate-20848607848.html,eye damage and toxic to aquatic life with long lasting effects,https://pubchem.ncbi.nlm.nih.gov/compound/Zinc%20Gluconate#section=Safety-and-Hazards
288,Zinc Gluconate,Al,AA2024,301,7,0.05,91,1.6,https://www.indiamart.com/proddetail/zinc-gluconate-20848607848.html,eye damage and toxic to aquatic life with long lasting effects,https://pubchem.ncbi.nlm.nih.gov/compound/Zinc%20Gluconate#section=Safety-and-Hazards
289,Zinc Gluconate,Al,AA2024,301,7,0.05,59,1.6,https://www.indiamart.com/proddetail/zinc-gluconate-20848607848.html,eye damage and toxic to aquatic life with long lasting effects,https://pubchem.ncbi.nlm.nih.gov/compound/Zinc%20Gluconate#section=Safety-and-Hazards
290,Zinc Gluconate,Al,AA2024,301,7,0.05,92,1.6,https://www.indiamart.com/proddetail/zinc-gluconate-20848607848.html,eye damage and toxic to aquatic life with long lasting effects,https://pubchem.ncbi.nlm.nih.gov/compound/Zinc%20Gluconate#section=Safety-and-Hazards
291,Zinc Gluconate,Al,AA2024,301,7,0.05,58,1.6,https://www.indiamart.com/proddetail/zinc-gluconate-20848607848.html,eye damage and toxic to aquatic life with long lasting effects,https://pubchem.ncbi.nlm.nih.gov/compound/Zinc%20Gluconate#section=Safety-and-Hazards
292,Zinc Gluconate,Al,AA2024,301,7,0.05,93,1.6,https://www.indiamart.com/proddetail/zinc-gluconate-20848607848.html,eye damage and toxic to aquatic life with long lasting effects,https://pubchem.ncbi.nlm.nih.gov/compound/Zinc%20Gluconate#section=Safety-and-Hazards
293,Zinc Gluconate,Al,AA2024,301,7,0.05,51,1.6,https://www.indiamart.com/proddetail/zinc-gluconate-20848607848.html,eye damage and toxic to aquatic life with long lasting effects,https://pubchem.ncbi.nlm.nih.gov/compound/Zinc%20Gluconate#section=Safety-and-Hazards
294,Zinc Gluconate,Al,AA2024,301,7,0.05,60,1.6,https://www.indiamart.com/proddetail/zinc-gluconate-20848607848.html,eye damage and toxic to aquatic life with long lasting effects,https://pubchem.ncbi.nlm.nih.gov/compound/Zinc%20Gluconate#section=Safety-and-Hazards
295,Zinc Gluconate,Al,AA2024,301,7,0.05,94,1.6,https://www.indiamart.com/proddetail/zinc-gluconate-20848607848.html,eye damage and toxic to aquatic life with long lasting effects,https://pubchem.ncbi.nlm.nih.gov/compound/Zinc%20Gluconate#section=Safety-and-Hazards
296,Zinc Gluconate,Al,AA2024,301,7,0.05,50,1.6,https://www.indiamart.com/proddetail/zinc-gluconate-20848607848.html,eye damage and toxic to aquatic life with long lasting effects,https://pubchem.ncbi.nlm.nih.gov/compound/Zinc%20Gluconate#section=Safety-and-Hazards
297,Zinc Gluconate,Al,AA2024,301,7,0.05,59,1.6,https://www.indiamart.com/proddetail/zinc-gluconate-20848607848.html,eye damage and toxic to aquatic life with long lasting effects,https://pubchem.ncbi.nlm.nih.gov/compound/Zinc%20Gluconate#section=Safety-and-Hazards
298,Zinc Gluconate,Al,AA2024,301,7,0.05,83,1.6,https://www.indiamart.com/proddetail/zinc-gluconate-20848607848.html,eye damage and toxic to aquatic life with long lasting effects,https://pubchem.ncbi.nlm.nih.gov/compound/Zinc%20Gluconate#section=Safety-and-Hazards
299,2-[(2-Hydroxyphenyl)methylene]hydrazinecarbothioamide,Al,AA2024,303,7,0.6,60.35,,,,
300,2-[(2-Hydroxyphenyl)methylene]hydrazinecarbothioamide,Al,AA2024,303,7,0.6,79.18,,,,
301,2-[(2-Hydroxyphenyl)methylene]hydrazinecarbothioamide,Al,AA2024,303,7,0.6,75.37,,,,
302,2-[(2-Hydroxyphenyl)methylene]hydrazinecarbothioamide,Al,AA2024,303,7,0.6,88.21,,,,
303,2-[(2-Hydroxyphenyl)methylene]hydrazinecarbothioamide,Al,AA2024,303,7,0.6,74.9,,,,
304,2-[(2-Hydroxyphenyl)methylene]hydrazinecarbothioamide,Al,AA2024,303,7,0.6,81.57,,,,
305,2-[(2-Hydroxyphenyl)methylene]hydrazinecarbothioamide,Al,AA2024,303,7,0.6,76.19,,,,
306,"2,4-Dihydroxybenzaldehyde thiosemicarbazone",Al,AA2024,303,7,0.6,55.55,,,harmful if swallowed and allergic skin reaction,"https://pubchem.ncbi.nlm.nih.gov/compound/2,4-Dihydroxybenzaldehyde%20thiosemicarbazone#section=Safety-and-Hazards"
307,"2,4-Dihydroxybenzaldehyde thiosemicarbazone",Al,AA2024,303,7,0.6,82.46,,,harmful if swallowed and allergic skin reaction,"https://pubchem.ncbi.nlm.nih.gov/compound/2,4-Dihydroxybenzaldehyde%20thiosemicarbazone#section=Safety-and-Hazards"
308,"2,4-Dihydroxybenzaldehyde thiosemicarbazone",Al,AA2024,303,7,0.6,86.72,,,harmful if swallowed and allergic skin reaction,"https://pubchem.ncbi.nlm.nih.gov/compound/2,4-Dihydroxybenzaldehyde%20thiosemicarbazone#section=Safety-and-Hazards"
309,"2,4-Dihydroxybenzaldehyde thiosemicarbazone",Al,AA2024,303,7,0.6,91.72,,,harmful if swallowed and allergic skin reaction,"https://pubchem.ncbi.nlm.nih.gov/compound/2,4-Dihydroxybenzaldehyde%20thiosemicarbazone#section=Safety-and-Hazards"
310,"2,4-Dihydroxybenzaldehyde thiosemicarbazone",Al,AA2024,303,7,0.6,90,,,harmful if swallowed and allergic skin reaction,"https://pubchem.ncbi.nlm.nih.gov/compound/2,4-Dihydroxybenzaldehyde%20thiosemicarbazone#section=Safety-and-Hazards"
311,"2,4-Dihydroxybenzaldehyde thiosemicarbazone",Al,AA2024,303,7,0.6,86.48,,,harmful if swallowed and allergic skin reaction,"https://pubchem.ncbi.nlm.nih.gov/compound/2,4-Dihydroxybenzaldehyde%20thiosemicarbazone#section=Safety-and-Hazards"
312,"2,4-Dihydroxybenzaldehyde thiosemicarbazone",Al,AA2024,303,7,0.6,89.68,,,harmful if swallowed and allergic skin reaction,"https://pubchem.ncbi.nlm.nih.gov/compound/2,4-Dihydroxybenzaldehyde%20thiosemicarbazone#section=Safety-and-Hazards"
313,"(2,3,4-Trihydroxybenzylidene)hydrazinecarbothioamide",Al,AA2024,303,7,0.6,52.23,,,,
314,"(2,3,4-Trihydroxybenzylidene)hydrazinecarbothioamide",Al,AA2024,303,7,0.6,78.26,,,,
315,"(2,3,4-Trihydroxybenzylidene)hydrazinecarbothioamide",Al,AA2024,303,7,0.6,90.86,,,,
316,"(2,3,4-Trihydroxybenzylidene)hydrazinecarbothioamide",Al,AA2024,303,7,0.6,91.57,,,,
317,"(2,3,4-Trihydroxybenzylidene)hydrazinecarbothioamide",Al,AA2024,303,7,0.6,95.02,,,,
318,"(2,3,4-Trihydroxybenzylidene)hydrazinecarbothioamide",Al,AA2024,303,7,0.6,81.56,,,,
319,"(2,3,4-Trihydroxybenzylidene)hydrazinecarbothioamide",Al,AA2024,303,7,0.6,94.6,,,,
320,"(2,3,4-Trihydroxybenzylidene)hydrazinecarbothioamide",Al,AA2024,303,7,0.6,95.93,,,,
321,Triazine-methionine,Al,AA2024,298,0,0,97.41,,,,
322,Triazine-methionine,Al,AA2024,298,0,0,99.42,,,,
323,Triazine-methionine,Al,AA2024,298,0,0,99.69,,,,
324,Triazine-methionine,Al,AA2024,298,0,0,99.79,,,,
325,Triazine-methionine,Al,AA2024,298,0,0,99.82,,,,
326,Triazine-methionine,Al,AA2024,298,0,0,95.45,,,,
327,Triazine-methionine,Al,AA2024,298,0,0,96.75,,,,
328,Triazine-methionine,Al,AA2024,298,0,0,97.56,,,,
329,Triazine-methionine,Al,AA2024,298,0,0,97.89,,,,
330,Triazine-methionine,Al,AA2024,298,0,0,98.37,,,,
331,Triazine-methionine,Al,AA2024,298,0,0,96.45,,,,
332,Triazine-methionine,Al,AA2024,298,0,0,98.23,,,,
333,Triazine-methionine,Al,AA2024,298,0,0,99.23,,,,
334,Triazine-methionine,Al,AA2024,298,0,0,99.37,,,,
335,Triazine-methionine,Al,AA2024,298,0,0,99.46,,,,
336,Benzotriazole,Al,AA2024,293,7,0.05,98.1,18004200,https://www.sigmaaldrich.com/IN/en/product/sial/76457,"harmful if swallowed and inhaled ,eye irritation and toxic to aquatic life with long lasting effects ",https://pubchem.ncbi.nlm.nih.gov/compound/Benzotriazole#section=Safety-and-Hazards
337,Benzotriazole,Al,AA2024,293,7,0.05,97.8,18004200,https://www.sigmaaldrich.com/IN/en/product/sial/76457,"harmful if swallowed and inhaled ,eye irritation and toxic to aquatic life with long lasting effects ",https://pubchem.ncbi.nlm.nih.gov/compound/Benzotriazole#section=Safety-and-Hazards
338,5-Chlorobenzotriazole,Al,AA2024,293,7,0.05,98.1,456.9,https://m.indiamart.com/proddetail/5-chlorobenzotriazole-cas-94-97-3-25963025555.html,harmful if swallowed,https://pubchem.ncbi.nlm.nih.gov/compound/5-Chlorobenzotriazole#section=Safety-and-Hazards
339,5-Chlorobenzotriazole,Al,AA2024,293,7,0.05,97.8,456.9,https://m.indiamart.com/proddetail/5-chlorobenzotriazole-cas-94-97-3-25963025555.html,harmful if swallowed,https://pubchem.ncbi.nlm.nih.gov/compound/5-Chlorobenzotriazole#section=Safety-and-Hazards
340,Methyl 1-H-benzotriazole-1-carboxylate,Al,AA2024,293,7,0.05,96.4,309283,https://www.scbt.com/p/methyl-1h-benzotriazole-1-carboxylate-86298-22-8,"damaging to fertility ,and long lasting effect to aquatic life",https://lanxess.com/-/media/Project/Lanxess/Corporate-Internet/07_US-Media/Product-Safety-Assessments/Methyl1Hbenzotriazole-sodium-salt.pdf
341,Methyl 1-H-benzotriazole-1-carboxylate,Al,AA2024,293,7,0.05,97.4,309283,https://www.scbt.com/p/methyl-1h-benzotriazole-1-carboxylate-86298-22-8,"damaging to fertility ,and long lasting effect to aquatic life",https://lanxess.com/-/media/Project/Lanxess/Corporate-Internet/07_US-Media/Product-Safety-Assessments/Methyl1Hbenzotriazole-sodium-salt.pdf
342,"2-Mercaptobenzothiazole / MBT / 1,3-Benzothiazole-2(3H)-thione",Al,AA2024,293,7,0.05,99.4,2400,https://www.sigmaaldrich.com/IN/en/product/aldrich/m3302?utm_source=google&utm_medium=cpc&utm_campaign=15000381723&utm_content=129438260635&gclid=CjwKCAjwnv-vBhBdEiwABCYQA263dHz9eYWEE8w56kSaXBO8kNX-Dh-ah_1ZbAU6k3aFfNC8nE8hIhoC69YQAvD_BwE,allergic skin reaction and toxic to aquatic life with long lasting effects ,https://pubchem.ncbi.nlm.nih.gov/compound/2-Mercaptobenzothiazole#section=Safety-and-Hazards
343,"2-Mercaptobenzothiazole / MBT / 1,3-Benzothiazole-2(3H)-thione",Al,AA2024,293,7,0.05,98.3,2400,https://www.sigmaaldrich.com/IN/en/product/aldrich/m3302?utm_source=google&utm_medium=cpc&utm_campaign=15000381723&utm_content=129438260635&gclid=CjwKCAjwnv-vBhBdEiwABCYQA263dHz9eYWEE8w56kSaXBO8kNX-Dh-ah_1ZbAU6k3aFfNC8nE8hIhoC69YQAvD_BwE,allergic skin reaction and toxic to aquatic life with long lasting effects ,https://pubchem.ncbi.nlm.nih.gov/compound/2-Mercaptobenzothiazole#section=Safety-and-Hazards